{
  "resourceType": "CodeSystem",
  "id": "composite-measure-scoring",
  "meta": {
    "lastUpdated": "2022-05-28T13:47:40.239+11:00",
    "profile": [
      "http://hl7.org/fhir/StructureDefinition/shareablecodesystem"
    ]
  },
  "text": {
    "status": "generated",
    "div": "\u003cdiv xmlns\u003d\"http://www.w3.org/1999/xhtml\"\u003e\n      \n      \u003cp\u003eThis code system http://terminology.hl7.org/CodeSystem/composite-measure-scoring defines the following codes:\u003c/p\u003e\n      \n      \u003ctable class\u003d\"codes\"\u003e\n        \n        \u003ctr\u003e\n          \n          \u003ctd style\u003d\"white-space:nowrap\"\u003e\n            \n            \u003cb\u003eCode\u003c/b\u003e\n          \n          \u003c/td\u003e\n          \n          \u003ctd\u003e\n            \n            \u003cb\u003eDisplay\u003c/b\u003e\n          \n          \u003c/td\u003e\n          \n          \u003ctd\u003e\n            \n            \u003cb\u003eDefinition\u003c/b\u003e\n          \n          \u003c/td\u003e\n        \n        \u003c/tr\u003e\n        \n        \u003ctr\u003e\n          \n          \u003ctd style\u003d\"white-space:nowrap\"\u003eopportunity\n            \n            \u003ca name\u003d\"composite-measure-scoring-opportunity\"\u003e \u003c/a\u003e\n          \n          \u003c/td\u003e\n          \n          \u003ctd\u003eOpportunity\u003c/td\u003e\n          \n          \u003ctd\u003eOpportunity scoring combines the scores from component measures by combining the numerators and denominators for each component.\u003c/td\u003e\n        \n        \u003c/tr\u003e\n        \n        \u003ctr\u003e\n          \n          \u003ctd style\u003d\"white-space:nowrap\"\u003eall-or-nothing\n            \n            \u003ca name\u003d\"composite-measure-scoring-all-or-nothing\"\u003e \u003c/a\u003e\n          \n          \u003c/td\u003e\n          \n          \u003ctd\u003eAll-or-nothing\u003c/td\u003e\n          \n          \u003ctd\u003eAll-or-nothing scoring includes an individual in the numerator of the composite measure if they are in the numerators of all of the component measures in which they are in the denominator.\u003c/td\u003e\n        \n        \u003c/tr\u003e\n        \n        \u003ctr\u003e\n          \n          \u003ctd style\u003d\"white-space:nowrap\"\u003elinear\n            \n            \u003ca name\u003d\"composite-measure-scoring-linear\"\u003e \u003c/a\u003e\n          \n          \u003c/td\u003e\n          \n          \u003ctd\u003eLinear\u003c/td\u003e\n          \n          \u003ctd\u003eLinear scoring gives an individual a score based on the number of numerators in which they appear.\u003c/td\u003e\n        \n        \u003c/tr\u003e\n        \n        \u003ctr\u003e\n          \n          \u003ctd style\u003d\"white-space:nowrap\"\u003eweighted\n            \n            \u003ca name\u003d\"composite-measure-scoring-weighted\"\u003e \u003c/a\u003e\n          \n          \u003c/td\u003e\n          \n          \u003ctd\u003eWeighted\u003c/td\u003e\n          \n          \u003ctd\u003eWeighted scoring gives an individual a score based on a weighted factor for each component numerator in which they appear.\u003c/td\u003e\n        \n        \u003c/tr\u003e\n      \n      \u003c/table\u003e\n    \n    \u003c/div\u003e"
  },
  "extension": [
    {
      "url": "http://hl7.org/fhir/StructureDefinition/structuredefinition-wg",
      "valueCode": "cqi"
    },
    {
      "url": "http://hl7.org/fhir/StructureDefinition/structuredefinition-standards-status",
      "valueCode": "trial-use"
    },
    {
      "url": "http://hl7.org/fhir/StructureDefinition/structuredefinition-fmm",
      "valueInteger": 3
    }
  ],
  "url": "http://terminology.hl7.org/CodeSystem/composite-measure-scoring",
  "identifier": [
    {
      "system": "urn:ietf:rfc:3986",
      "value": "urn:oid:2.16.840.1.113883.4.642.1.1235"
    }
  ],
  "version": "4.3.0",
  "name": "CompositeMeasureScoring",
  "title": "CompositeMeasureScoring",
  "status": "draft",
  "experimental": false,
  "date": "2020-12-28T16:55:11+11:00",
  "publisher": "HL7 (FHIR Project)",
  "contact": [
    {
      "telecom": [
        {
          "system": "url",
          "value": "http://hl7.org/fhir"
        },
        {
          "system": "email",
          "value": "fhir@lists.hl7.org"
        }
      ]
    }
  ],
  "description": "The composite scoring method of the measure.",
  "caseSensitive": true,
  "valueSet": "http://hl7.org/fhir/ValueSet/composite-measure-scoring",
  "content": "complete",
  "concept": [
    {
      "code": "opportunity",
      "display": "Opportunity",
      "definition": "Opportunity scoring combines the scores from component measures by combining the numerators and denominators for each component."
    },
    {
      "code": "all-or-nothing",
      "display": "All-or-nothing",
      "definition": "All-or-nothing scoring includes an individual in the numerator of the composite measure if they are in the numerators of all of the component measures in which they are in the denominator."
    },
    {
      "code": "linear",
      "display": "Linear",
      "definition": "Linear scoring gives an individual a score based on the number of numerators in which they appear."
    },
    {
      "code": "weighted",
      "display": "Weighted",
      "definition": "Weighted scoring gives an individual a score based on a weighted factor for each component numerator in which they appear."
    }
  ]
}