{
  "resourceType": "CodeSystem",
  "id": "variable-handling",
  "meta": {
    "lastUpdated": "2022-05-28T13:47:40.239+11:00",
    "profile": [
      "http://hl7.org/fhir/StructureDefinition/shareablecodesystem"
    ]
  },
  "text": {
    "status": "generated",
    "div": "\u003cdiv xmlns\u003d\"http://www.w3.org/1999/xhtml\"\u003e\n      \n      \u003cp\u003eThis code system http://hl7.org/fhir/variable-handling defines the following codes:\u003c/p\u003e\n      \n      \u003ctable class\u003d\"codes\"\u003e\n        \n        \u003ctr\u003e\n          \n          \u003ctd style\u003d\"white-space:nowrap\"\u003e\n            \n            \u003cb\u003eCode\u003c/b\u003e\n          \n          \u003c/td\u003e\n          \n          \u003ctd\u003e\n            \n            \u003cb\u003eDisplay\u003c/b\u003e\n          \n          \u003c/td\u003e\n          \n          \u003ctd\u003e\n            \n            \u003cb\u003eDefinition\u003c/b\u003e\n          \n          \u003c/td\u003e\n        \n        \u003c/tr\u003e\n        \n        \u003ctr\u003e\n          \n          \u003ctd style\u003d\"white-space:nowrap\"\u003econtinuous\n            \n            \u003ca name\u003d\"variable-handling-continuous\"\u003e \u003c/a\u003e\n          \n          \u003c/td\u003e\n          \n          \u003ctd\u003econtinuous variable\u003c/td\u003e\n          \n          \u003ctd\u003eA continuous variable is one for which, within the limits the variable ranges, any value is possible (from STATO http://purl.obolibrary.org/obo/STATO_0000251).\u003c/td\u003e\n        \n        \u003c/tr\u003e\n        \n        \u003ctr\u003e\n          \n          \u003ctd style\u003d\"white-space:nowrap\"\u003edichotomous\n            \n            \u003ca name\u003d\"variable-handling-dichotomous\"\u003e \u003c/a\u003e\n          \n          \u003c/td\u003e\n          \n          \u003ctd\u003edichotomous variable\u003c/td\u003e\n          \n          \u003ctd\u003eA dichotomous variable is a categorical variable which is defined to have only 2 categories or possible values (from STATO http://purl.obolibrary.org/obo/STATO_0000090).\u003c/td\u003e\n        \n        \u003c/tr\u003e\n        \n        \u003ctr\u003e\n          \n          \u003ctd style\u003d\"white-space:nowrap\"\u003eordinal\n            \n            \u003ca name\u003d\"variable-handling-ordinal\"\u003e \u003c/a\u003e\n          \n          \u003c/td\u003e\n          \n          \u003ctd\u003eordinal variable\u003c/td\u003e\n          \n          \u003ctd\u003eAn ordinal variable is a categorical variable where the discrete possible values are ordered or correspond to an implicit ranking (from STATO http://purl.obolibrary.org/obo/STATO_0000228).\u003c/td\u003e\n        \n        \u003c/tr\u003e\n        \n        \u003ctr\u003e\n          \n          \u003ctd style\u003d\"white-space:nowrap\"\u003epolychotomous\n            \n            \u003ca name\u003d\"variable-handling-polychotomous\"\u003e \u003c/a\u003e\n          \n          \u003c/td\u003e\n          \n          \u003ctd\u003epolychotomous variable\u003c/td\u003e\n          \n          \u003ctd\u003eA polychotomous variable is a categorical variable which is defined to have minimally 2 categories or possible values. (from STATO  http://purl.obolibrary.org/obo/STATO_0000087).  Suggestion to limit code use to situations when neither dichotomous nor ordinal variables apply.\u003c/td\u003e\n        \n        \u003c/tr\u003e\n      \n      \u003c/table\u003e\n    \n    \u003c/div\u003e"
  },
  "extension": [
    {
      "url": "http://hl7.org/fhir/StructureDefinition/structuredefinition-wg",
      "valueCode": "cds"
    },
    {
      "url": "http://hl7.org/fhir/StructureDefinition/structuredefinition-standards-status",
      "valueCode": "trial-use"
    },
    {
      "url": "http://hl7.org/fhir/StructureDefinition/structuredefinition-fmm",
      "valueInteger": 5
    }
  ],
  "url": "http://hl7.org/fhir/variable-handling",
  "identifier": [
    {
      "system": "urn:ietf:rfc:3986",
      "value": "urn:oid:2.16.840.1.113883.4.642.1.0"
    }
  ],
  "version": "4.3.0",
  "name": "EvidenceVariableHandling",
  "title": "EvidenceVariableHandling",
  "status": "draft",
  "experimental": false,
  "date": "2021-01-05T10:01:24+11:00",
  "publisher": "HL7 (FHIR Project)",
  "contact": [
    {
      "telecom": [
        {
          "system": "url",
          "value": "http://hl7.org/fhir"
        },
        {
          "system": "email",
          "value": "fhir@lists.hl7.org"
        }
      ]
    }
  ],
  "description": "The handling of the variable in statistical analysis for exposures or outcomes (E.g. Dichotomous, Continuous, Descriptive).",
  "caseSensitive": true,
  "valueSet": "http://hl7.org/fhir/ValueSet/variable-handling",
  "content": "complete",
  "concept": [
    {
      "code": "continuous",
      "display": "continuous variable",
      "definition": "A continuous variable is one for which, within the limits the variable ranges, any value is possible (from STATO http://purl.obolibrary.org/obo/STATO_0000251)."
    },
    {
      "code": "dichotomous",
      "display": "dichotomous variable",
      "definition": "A dichotomous variable is a categorical variable which is defined to have only 2 categories or possible values (from STATO http://purl.obolibrary.org/obo/STATO_0000090)."
    },
    {
      "code": "ordinal",
      "display": "ordinal variable",
      "definition": "An ordinal variable is a categorical variable where the discrete possible values are ordered or correspond to an implicit ranking (from STATO http://purl.obolibrary.org/obo/STATO_0000228)."
    },
    {
      "code": "polychotomous",
      "display": "polychotomous variable",
      "definition": "A polychotomous variable is a categorical variable which is defined to have minimally 2 categories or possible values. (from STATO  http://purl.obolibrary.org/obo/STATO_0000087).  Suggestion to limit code use to situations when neither dichotomous nor ordinal variables apply."
    }
  ]
}