{
  "resourceType": "CodeSystem",
  "id": "testscript-profile-destination-types",
  "meta": {
    "lastUpdated": "2022-05-28T12:47:40.239+10:00",
    "profile": [
      "http://hl7.org/fhir/StructureDefinition/shareablecodesystem"
    ]
  },
  "text": {
    "status": "generated",
    "div": "\u003cdiv xmlns\u003d\"http://www.w3.org/1999/xhtml\"\u003e\u003cp\u003eThis code system http://terminology.hl7.org/CodeSystem/testscript-profile-destination-types defines the following codes:\u003c/p\u003e\u003ctable class\u003d\"codes\"\u003e\u003ctr\u003e\u003ctd style\u003d\"white-space:nowrap\"\u003e\u003cb\u003eCode\u003c/b\u003e\u003c/td\u003e\u003ctd\u003e\u003cb\u003eDisplay\u003c/b\u003e\u003c/td\u003e\u003ctd\u003e\u003cb\u003eDefinition\u003c/b\u003e\u003c/td\u003e\u003c/tr\u003e\u003ctr\u003e\u003ctd style\u003d\"white-space:nowrap\"\u003eFHIR-Server\u003ca name\u003d\"testscript-profile-destination-types-FHIR-Server\"\u003e \u003c/a\u003e\u003c/td\u003e\u003ctd\u003eFHIR Server\u003c/td\u003e\u003ctd\u003eGeneral FHIR server used to respond to operations sent from a FHIR client.\u003c/td\u003e\u003c/tr\u003e\u003ctr\u003e\u003ctd style\u003d\"white-space:nowrap\"\u003eFHIR-SDC-FormManager\u003ca name\u003d\"testscript-profile-destination-types-FHIR-SDC-FormManager\"\u003e \u003c/a\u003e\u003c/td\u003e\u003ctd\u003eFHIR SDC FormManager\u003c/td\u003e\u003ctd\u003eA FHIR server acting as a Structured Data Capture Form Manager.\u003c/td\u003e\u003c/tr\u003e\u003ctr\u003e\u003ctd style\u003d\"white-space:nowrap\"\u003eFHIR-SDC-FormProcessor\u003ca name\u003d\"testscript-profile-destination-types-FHIR-SDC-FormProcessor\"\u003e \u003c/a\u003e\u003c/td\u003e\u003ctd\u003eFHIR SDC FormProcessor\u003c/td\u003e\u003ctd\u003eA FHIR server acting as a Structured Data Capture Form Processor.\u003c/td\u003e\u003c/tr\u003e\u003ctr\u003e\u003ctd style\u003d\"white-space:nowrap\"\u003eFHIR-SDC-FormReceiver\u003ca name\u003d\"testscript-profile-destination-types-FHIR-SDC-FormReceiver\"\u003e \u003c/a\u003e\u003c/td\u003e\u003ctd\u003eFHIR SDC FormReceiver\u003c/td\u003e\u003ctd\u003eA FHIR server acting as a Structured Data Capture Form Receiver.\u003c/td\u003e\u003c/tr\u003e\u003c/table\u003e\u003c/div\u003e"
  },
  "extension": [
    {
      "url": "http://hl7.org/fhir/StructureDefinition/structuredefinition-wg",
      "valueCode": "fhir"
    }
  ],
  "url": "http://terminology.hl7.org/CodeSystem/testscript-profile-destination-types",
  "identifier": [
    {
      "system": "urn:ietf:rfc:3986",
      "value": "urn:oid:2.16.840.1.113883.4.642.1.1197"
    }
  ],
  "version": "4.3.0",
  "name": "TestScriptProfileDestinationTypes",
  "status": "draft",
  "experimental": false,
  "description": "This value set defines a set of codes that are used to indicate the profile type of a test system when acting as the destination within a TestScript.",
  "caseSensitive": true,
  "content": "complete",
  "concept": [
    {
      "code": "FHIR-Server",
      "display": "FHIR Server",
      "definition": "General FHIR server used to respond to operations sent from a FHIR client."
    },
    {
      "code": "FHIR-SDC-FormManager",
      "display": "FHIR SDC FormManager",
      "definition": "A FHIR server acting as a Structured Data Capture Form Manager."
    },
    {
      "code": "FHIR-SDC-FormProcessor",
      "display": "FHIR SDC FormProcessor",
      "definition": "A FHIR server acting as a Structured Data Capture Form Processor."
    },
    {
      "code": "FHIR-SDC-FormReceiver",
      "display": "FHIR SDC FormReceiver",
      "definition": "A FHIR server acting as a Structured Data Capture Form Receiver."
    }
  ]
}