{
  "resourceType": "CodeSystem",
  "id": "medicinal-product-name-type",
  "meta": {
    "lastUpdated": "2022-05-28T13:47:40.239+11:00",
    "profile": [
      "http://hl7.org/fhir/StructureDefinition/shareablecodesystem"
    ]
  },
  "text": {
    "status": "generated",
    "div": "\u003cdiv xmlns\u003d\"http://www.w3.org/1999/xhtml\"\u003e\u003cp\u003eThis code system http://hl7.org/fhir/medicinal-product-name-type defines the following codes:\u003c/p\u003e\u003ctable class\u003d\"codes\"\u003e\u003ctr\u003e\u003ctd style\u003d\"white-space:nowrap\"\u003e\u003cb\u003eCode\u003c/b\u003e\u003c/td\u003e\u003ctd\u003e\u003cb\u003eDisplay\u003c/b\u003e\u003c/td\u003e\u003c/tr\u003e\u003ctr\u003e\u003ctd style\u003d\"white-space:nowrap\"\u003eBAN\u003ca name\u003d\"medicinal-product-name-type-BAN\"\u003e \u003c/a\u003e\u003c/td\u003e\u003ctd\u003eBritish Approved Name\u003c/td\u003e\u003c/tr\u003e\u003ctr\u003e\u003ctd style\u003d\"white-space:nowrap\"\u003eINN\u003ca name\u003d\"medicinal-product-name-type-INN\"\u003e \u003c/a\u003e\u003c/td\u003e\u003ctd\u003eInternational Non-Proprietary Name\u003c/td\u003e\u003c/tr\u003e\u003ctr\u003e\u003ctd style\u003d\"white-space:nowrap\"\u003eINNM\u003ca name\u003d\"medicinal-product-name-type-INNM\"\u003e \u003c/a\u003e\u003c/td\u003e\u003ctd\u003eModified International Non-Proprietary Name\u003c/td\u003e\u003c/tr\u003e\u003ctr\u003e\u003ctd style\u003d\"white-space:nowrap\"\u003epINN\u003ca name\u003d\"medicinal-product-name-type-pINN\"\u003e \u003c/a\u003e\u003c/td\u003e\u003ctd\u003eProposed International Non-Proprietary Name\u003c/td\u003e\u003c/tr\u003e\u003ctr\u003e\u003ctd style\u003d\"white-space:nowrap\"\u003erINN\u003ca name\u003d\"medicinal-product-name-type-rINN\"\u003e \u003c/a\u003e\u003c/td\u003e\u003ctd\u003eRecommended International Non-Proprietary Name\u003c/td\u003e\u003c/tr\u003e\u003c/table\u003e\u003c/div\u003e"
  },
  "extension": [
    {
      "url": "http://hl7.org/fhir/StructureDefinition/structuredefinition-wg",
      "valueCode": "brr"
    },
    {
      "url": "http://hl7.org/fhir/StructureDefinition/structuredefinition-standards-status",
      "valueCode": "trial-use"
    },
    {
      "url": "http://hl7.org/fhir/StructureDefinition/structuredefinition-fmm",
      "valueInteger": 1
    }
  ],
  "url": "http://hl7.org/fhir/medicinal-product-name-type",
  "identifier": [
    {
      "system": "urn:ietf:rfc:3986",
      "value": "urn:oid:2.16.840.1.113883.4.642.1.1581"
    }
  ],
  "version": "4.3.0",
  "name": "ProductNameType",
  "title": "ProductNameType",
  "status": "draft",
  "experimental": false,
  "date": "2021-01-05T10:01:24+11:00",
  "publisher": "HL7 (FHIR Project)",
  "contact": [
    {
      "telecom": [
        {
          "system": "url",
          "value": "http://hl7.org/fhir"
        },
        {
          "system": "email",
          "value": "fhir@lists.hl7.org"
        }
      ]
    }
  ],
  "description": "Type of a name for a Medicinal Product.",
  "caseSensitive": true,
  "valueSet": "http://hl7.org/fhir/ValueSet/medicinal-product-name-type",
  "content": "complete",
  "concept": [
    {
      "code": "BAN",
      "display": "British Approved Name"
    },
    {
      "code": "INN",
      "display": "International Non-Proprietary Name"
    },
    {
      "code": "INNM",
      "display": "Modified International Non-Proprietary Name"
    },
    {
      "code": "pINN",
      "display": "Proposed International Non-Proprietary Name"
    },
    {
      "code": "rINN",
      "display": "Recommended International Non-Proprietary Name"
    }
  ]
}