{
  "resourceType": "CodeSystem",
  "id": "audit-event-type",
  "meta": {
    "lastUpdated": "2022-05-28T12:47:40.239+10:00",
    "profile": [
      "http://hl7.org/fhir/StructureDefinition/shareablecodesystem"
    ]
  },
  "text": {
    "status": "generated",
    "div": "\u003cdiv xmlns\u003d\"http://www.w3.org/1999/xhtml\"\u003e\u003cp\u003eThis code system http://terminology.hl7.org/CodeSystem/audit-event-type defines the following codes:\u003c/p\u003e\u003ctable class\u003d\"codes\"\u003e\u003ctr\u003e\u003ctd style\u003d\"white-space:nowrap\"\u003e\u003cb\u003eCode\u003c/b\u003e\u003c/td\u003e\u003ctd\u003e\u003cb\u003eDisplay\u003c/b\u003e\u003c/td\u003e\u003ctd\u003e\u003cb\u003eDefinition\u003c/b\u003e\u003c/td\u003e\u003c/tr\u003e\u003ctr\u003e\u003ctd style\u003d\"white-space:nowrap\"\u003erest\u003ca name\u003d\"audit-event-type-rest\"\u003e \u003c/a\u003e\u003c/td\u003e\u003ctd\u003eRESTful Operation\u003c/td\u003e\u003ctd\u003eAudit Event: Execution of a RESTful operation as defined by FHIR.\u003c/td\u003e\u003c/tr\u003e\u003c/table\u003e\u003c/div\u003e"
  },
  "extension": [
    {
      "url": "http://hl7.org/fhir/StructureDefinition/structuredefinition-wg",
      "valueCode": "sec"
    }
  ],
  "url": "http://terminology.hl7.org/CodeSystem/audit-event-type",
  "identifier": [
    {
      "system": "urn:ietf:rfc:3986",
      "value": "urn:oid:2.16.840.1.113883.4.642.1.1136"
    }
  ],
  "version": "4.3.0",
  "name": "AuditEventID",
  "title": "Audit Event ID",
  "status": "active",
  "experimental": false,
  "date": "2015-03-26T00:00:00+11:00",
  "description": "Event Types for Audit Events - defined by DICOM with some FHIR specific additions.",
  "copyright": "These codes are excerpted from Digital Imaging and Communications in Medicine (DICOM) Standard, Part 16: Content Mapping Resource, Copyright © 2011 by the National Electrical Manufacturers Association.",
  "caseSensitive": true,
  "content": "complete",
  "concept": [
    {
      "code": "rest",
      "display": "RESTful Operation",
      "definition": "Audit Event: Execution of a RESTful operation as defined by FHIR."
    }
  ]
}