{
  "resourceType": "CodeSystem",
  "id": "ingredient-manufacturer-role",
  "meta": {
    "lastUpdated": "2022-05-28T13:47:40.239+11:00",
    "profile": [
      "http://hl7.org/fhir/StructureDefinition/shareablecodesystem"
    ]
  },
  "text": {
    "status": "generated",
    "div": "\u003cdiv xmlns\u003d\"http://www.w3.org/1999/xhtml\"\u003e\u003cp\u003eThis code system http://hl7.org/fhir/ingredient-manufacturer-role defines the following codes:\u003c/p\u003e\u003ctable class\u003d\"codes\"\u003e\u003ctr\u003e\u003ctd style\u003d\"white-space:nowrap\"\u003e\u003cb\u003eCode\u003c/b\u003e\u003c/td\u003e\u003ctd\u003e\u003cb\u003eDisplay\u003c/b\u003e\u003c/td\u003e\u003c/tr\u003e\u003ctr\u003e\u003ctd style\u003d\"white-space:nowrap\"\u003eallowed\u003ca name\u003d\"ingredient-manufacturer-role-allowed\"\u003e \u003c/a\u003e\u003c/td\u003e\u003ctd\u003eManufacturer is specifically allowed for this ingredient\u003c/td\u003e\u003c/tr\u003e\u003ctr\u003e\u003ctd style\u003d\"white-space:nowrap\"\u003epossible\u003ca name\u003d\"ingredient-manufacturer-role-possible\"\u003e \u003c/a\u003e\u003c/td\u003e\u003ctd\u003eManufacturer is known to make this ingredient in general\u003c/td\u003e\u003c/tr\u003e\u003ctr\u003e\u003ctd style\u003d\"white-space:nowrap\"\u003eactual\u003ca name\u003d\"ingredient-manufacturer-role-actual\"\u003e \u003c/a\u003e\u003c/td\u003e\u003ctd\u003eManufacturer actually makes this particular ingredient\u003c/td\u003e\u003c/tr\u003e\u003c/table\u003e\u003c/div\u003e"
  },
  "extension": [
    {
      "url": "http://hl7.org/fhir/StructureDefinition/structuredefinition-wg",
      "valueCode": "brr"
    },
    {
      "url": "http://hl7.org/fhir/StructureDefinition/structuredefinition-standards-status",
      "valueCode": "trial-use"
    },
    {
      "url": "http://hl7.org/fhir/StructureDefinition/structuredefinition-fmm",
      "valueInteger": 1
    }
  ],
  "url": "http://hl7.org/fhir/ingredient-manufacturer-role",
  "identifier": [
    {
      "system": "urn:ietf:rfc:3986",
      "value": "urn:oid:2.16.840.1.113883.4.642.1.1558"
    }
  ],
  "version": "4.3.0",
  "name": "IngredientManufacturerRole",
  "title": "IngredientManufacturerRole",
  "status": "draft",
  "experimental": false,
  "date": "2021-01-05T10:01:24+11:00",
  "publisher": "HL7 (FHIR Project)",
  "contact": [
    {
      "telecom": [
        {
          "system": "url",
          "value": "http://hl7.org/fhir"
        },
        {
          "system": "email",
          "value": "fhir@lists.hl7.org"
        }
      ]
    }
  ],
  "description": "The way in which this manufacturer is associated with the ingredient. For example whether it is a possible one (others allowed), or an exclusive authorized one for this ingredient. Note that this is not the manufacturing process role",
  "caseSensitive": true,
  "valueSet": "http://hl7.org/fhir/ValueSet/ingredient-manufacturer-role",
  "content": "complete",
  "concept": [
    {
      "code": "allowed",
      "display": "Manufacturer is specifically allowed for this ingredient"
    },
    {
      "code": "possible",
      "display": "Manufacturer is known to make this ingredient in general"
    },
    {
      "code": "actual",
      "display": "Manufacturer actually makes this particular ingredient"
    }
  ]
}