{
  "resourceType": "EvidenceVariable",
  "id": "example-mRS0-2-at-90days",
  "text": {
    "status": "generated",
    "div": "\u003cdiv xmlns\u003d\"http://www.w3.org/1999/xhtml\"\u003e\n      \u003cp\u003e\n        \u0026quot;mRS 0-2 at 90 days\u0026quot; is an outcome, defined by a CQL expression, used in expressing what an Evidence is about.\n      \u003c/p\u003e\n\t\u003c/div\u003e"
  },
  "title": "Modified Rankin Scale score 0-2 at 90 days after treatment",
  "status": "draft",
  "useContext": [
    {
      "code": {
        "system": "http://terminology.hl7.org/CodeSystem/usage-context-type",
        "code": "focus"
      },
      "valueCodeableConcept": {
        "text": "Stroke"
      }
    }
  ],
  "actual": true,
  "characteristic": [
    {
      "description": "mRS 0-2 at 90 days",
      "definitionExpression": {
        "description": "mRS 0-2",
        "language": "text/cql",
        "expression": "[\"Observation\": code in \"75859-9|LOINC\"] mRS where mRS.value between 0 and 2"
      },
      "timeFromStart": {
        "quantity": {
          "value": 90,
          "unit": "day",
          "system": "http://unitsofmeasure.org",
          "code": "d"
        }
      }
    }
  ],
  "handling": "dichotomous",
  "meta": {
    "tag": [
      {
        "system": "http://terminology.hl7.org/CodeSystem/v3-ActReason",
        "code": "HTEST",
        "display": "test health data"
      }
    ]
  }
}