{
  "resourceType": "MeasureReport",
  "id": "general-example-of-report",
  "text": {
    "status": "generated",
    "div": "\u003cdiv xmlns\u003d\"http://www.w3.org/1999/xhtml\"\u003e\u003cp\u003e\u003cb\u003eGenerated Narrative\u003c/b\u003e\u003c/p\u003e\u003cdiv style\u003d\"display: inline-block; background-color: #d9e0e7; padding: 6px; margin: 4px; border: 1px solid #8da1b4; border-radius: 5px; line-height: 60%\"\u003e\u003cp style\u003d\"margin-bottom: 0px\"\u003eResource \u0026quot;general-example-of-report\u0026quot; \u003c/p\u003e\u003c/div\u003e\u003cp\u003e\u003cb\u003estatus\u003c/b\u003e: complete\u003c/p\u003e\u003cp\u003e\u003cb\u003etype\u003c/b\u003e: individual\u003c/p\u003e\u003cp\u003e\u003cb\u003emeasure\u003c/b\u003e: \u003ca href\u003d\"http://ohie.org/Measure/hiv-indicators\"\u003ehttp://ohie.org/Measure/hiv-indicators\u003c/a\u003e\u003c/p\u003e\u003cp\u003e\u003cb\u003esubject\u003c/b\u003e: \u003ca name\u003d\"patient-new\"\u003e \u003c/a\u003e\u003c/p\u003e\u003cblockquote\u003e\u003cp\u003e\u003cb\u003eDuck Donald (OFFICIAL)\u003c/b\u003e male, DoB: 1976-05-17\u003c/p\u003e\u003c/blockquote\u003e\u003cp\u003e\u003cb\u003eperiod\u003c/b\u003e: 2018-01-01 --\u0026gt; 2018-12-31\u003c/p\u003e\u003cblockquote\u003e\u003cp\u003e\u003cb\u003egroup\u003c/b\u003e\u003c/p\u003e\u003cp\u003e\u003cb\u003ecode\u003c/b\u003e: QRPH_ADX_ART5_N \u003cspan style\u003d\"background: LightGoldenRodYellow; margin: 4px; border: 1px solid khaki\"\u003e ([not stated]#QRPH_ADX_ART5_N)\u003c/span\u003e\u003c/p\u003e\u003cp\u003e\u003cb\u003emeasureScore\u003c/b\u003e: 1\u003c/p\u003e\u003cblockquote\u003e\u003cp\u003e\u003cb\u003estratifier\u003c/b\u003e\u003c/p\u003e\u003cp\u003e\u003cb\u003ecode\u003c/b\u003e: AGE_GROUP:SEX \u003cspan style\u003d\"background: LightGoldenRodYellow; margin: 4px; border: 1px solid khaki\"\u003e ([not stated]#AGE_GROUP:SEX)\u003c/span\u003e\u003c/p\u003e\u003cblockquote\u003e\u003cp\u003e\u003cb\u003estratum\u003c/b\u003e\u003c/p\u003e\u003cp\u003e\u003cb\u003evalue\u003c/b\u003e: P0Y--P20Y:F \u003cspan style\u003d\"background: LightGoldenRodYellow; margin: 4px; border: 1px solid khaki\"\u003e ([not stated]#P0Y--P20Y:F)\u003c/span\u003e\u003c/p\u003e\u003cp\u003e\u003cb\u003emeasureScore\u003c/b\u003e: 0\u003c/p\u003e\u003c/blockquote\u003e\u003cblockquote\u003e\u003cp\u003e\u003cb\u003estratum\u003c/b\u003e\u003c/p\u003e\u003cp\u003e\u003cb\u003evalue\u003c/b\u003e: P0Y--P20Y:M \u003cspan style\u003d\"background: LightGoldenRodYellow; margin: 4px; border: 1px solid khaki\"\u003e ([not stated]#P0Y--P20Y:M)\u003c/span\u003e\u003c/p\u003e\u003cp\u003e\u003cb\u003emeasureScore\u003c/b\u003e: 0\u003c/p\u003e\u003c/blockquote\u003e\u003cblockquote\u003e\u003cp\u003e\u003cb\u003estratum\u003c/b\u003e\u003c/p\u003e\u003cp\u003e\u003cb\u003evalue\u003c/b\u003e: P20Y--P40Y:F \u003cspan style\u003d\"background: LightGoldenRodYellow; margin: 4px; border: 1px solid khaki\"\u003e ([not stated]#P20Y--P40Y:F)\u003c/span\u003e\u003c/p\u003e\u003cp\u003e\u003cb\u003emeasureScore\u003c/b\u003e: 0\u003c/p\u003e\u003c/blockquote\u003e\u003cblockquote\u003e\u003cp\u003e\u003cb\u003estratum\u003c/b\u003e\u003c/p\u003e\u003cp\u003e\u003cb\u003evalue\u003c/b\u003e: P20Y--P40Y:M \u003cspan style\u003d\"background: LightGoldenRodYellow; margin: 4px; border: 1px solid khaki\"\u003e ([not stated]#P20Y--P40Y:M)\u003c/span\u003e\u003c/p\u003e\u003cp\u003e\u003cb\u003emeasureScore\u003c/b\u003e: 0\u003c/p\u003e\u003c/blockquote\u003e\u003cblockquote\u003e\u003cp\u003e\u003cb\u003estratum\u003c/b\u003e\u003c/p\u003e\u003cp\u003e\u003cb\u003evalue\u003c/b\u003e: P40Y--P65Y:F \u003cspan style\u003d\"background: LightGoldenRodYellow; margin: 4px; border: 1px solid khaki\"\u003e ([not stated]#P40Y--P65Y:F)\u003c/span\u003e\u003c/p\u003e\u003cp\u003e\u003cb\u003emeasureScore\u003c/b\u003e: 0\u003c/p\u003e\u003c/blockquote\u003e\u003cblockquote\u003e\u003cp\u003e\u003cb\u003estratum\u003c/b\u003e\u003c/p\u003e\u003cp\u003e\u003cb\u003evalue\u003c/b\u003e: P40Y--P65Y:M \u003cspan style\u003d\"background: LightGoldenRodYellow; margin: 4px; border: 1px solid khaki\"\u003e ([not stated]#P40Y--P65Y:M)\u003c/span\u003e\u003c/p\u003e\u003cp\u003e\u003cb\u003emeasureScore\u003c/b\u003e: 1\u003c/p\u003e\u003c/blockquote\u003e\u003c/blockquote\u003e\u003c/blockquote\u003e\u003c/div\u003e"
  },
  "contained": [
    {
      "resourceType": "Patient",
      "id": "patient-new",
      "name": [
        {
          "use": "official",
          "family": "Donald",
          "given": [
            "Duck"
          ]
        }
      ],
      "gender": "male",
      "birthDate": "1976-05-17",
      "address": [
        {
          "use": "home",
          "line": [
            "1234 Main Street"
          ],
          "city": "DC",
          "postalCode": "20001",
          "country": "USA"
        }
      ]
    }
  ],
  "status": "complete",
  "type": "individual",
  "measure": "http://ohie.org/Measure/hiv-indicators",
  "subject": {
    "reference": "#patient-new"
  },
  "period": {
    "start": "2018-01-01",
    "end": "2018-12-31"
  },
  "group": [
    {
      "code": {
        "coding": [
          {
            "code": "QRPH_ADX_ART5_N"
          }
        ]
      },
      "measureScore": {
        "value": 1
      },
      "stratifier": [
        {
          "code": [
            {
              "coding": [
                {
                  "code": "AGE_GROUP:SEX"
                }
              ]
            }
          ],
          "stratum": [
            {
              "value": {
                "coding": [
                  {
                    "code": "P0Y--P20Y:F"
                  }
                ]
              },
              "measureScore": {
                "value": 0
              }
            },
            {
              "value": {
                "coding": [
                  {
                    "code": "P0Y--P20Y:M"
                  }
                ]
              },
              "measureScore": {
                "value": 0
              }
            },
            {
              "value": {
                "coding": [
                  {
                    "code": "P20Y--P40Y:F"
                  }
                ]
              },
              "measureScore": {
                "value": 0
              }
            },
            {
              "value": {
                "coding": [
                  {
                    "code": "P20Y--P40Y:M"
                  }
                ]
              },
              "measureScore": {
                "value": 0
              }
            },
            {
              "value": {
                "coding": [
                  {
                    "code": "P40Y--P65Y:F"
                  }
                ]
              },
              "measureScore": {
                "value": 0
              }
            },
            {
              "value": {
                "coding": [
                  {
                    "code": "P40Y--P65Y:M"
                  }
                ]
              },
              "measureScore": {
                "value": 1
              }
            }
          ]
        }
      ]
    }
  ],
  "meta": {
    "tag": [
      {
        "system": "http://terminology.hl7.org/CodeSystem/v3-ActReason",
        "code": "HTEST",
        "display": "test health data"
      }
    ]
  }
}