{
  "resourceType": "MedicationRequest",
  "id": "medrx0310",
  "text": {
    "status": "generated",
    "div": "\u003cdiv xmlns\u003d\"http://www.w3.org/1999/xhtml\"\u003e\u003cp\u003e\u003cb\u003eGenerated Narrative\u003c/b\u003e\u003c/p\u003e\u003cdiv style\u003d\"display: inline-block; background-color: #d9e0e7; padding: 6px; margin: 4px; border: 1px solid #8da1b4; border-radius: 5px; line-height: 60%\"\u003e\u003cp style\u003d\"margin-bottom: 0px\"\u003eResource \u0026quot;medrx0310\u0026quot; \u003c/p\u003e\u003c/div\u003e\u003cp\u003e\u003cb\u003eidentifier\u003c/b\u003e: id: 12345689 (OFFICIAL)\u003c/p\u003e\u003cp\u003e\u003cb\u003estatus\u003c/b\u003e: active\u003c/p\u003e\u003cp\u003e\u003cb\u003eintent\u003c/b\u003e: order\u003c/p\u003e\u003cp\u003e\u003cb\u003emedication\u003c/b\u003e: \u003ca name\u003d\"med0309\"\u003e \u003c/a\u003e\u003c/p\u003e\u003cblockquote\u003e\u003cdiv style\u003d\"display: inline-block; background-color: #d9e0e7; padding: 6px; margin: 4px; border: 1px solid #8da1b4; border-radius: 5px; line-height: 60%\"\u003e\u003cp style\u003d\"margin-bottom: 0px\"\u003eResource \u0026quot;med0309\u0026quot; \u003c/p\u003e\u003c/div\u003e\u003cp\u003e\u003cb\u003ecode\u003c/b\u003e: Tylenol PM \u003cspan style\u003d\"background: LightGoldenRodYellow; margin: 4px; border: 1px solid khaki\"\u003e (\u003ca href\u003d\"http://terminology.hl7.org/3.1.0/CodeSystem-v3-ndc.html\"\u003eNational drug codes\u003c/a\u003e#50580-608-02)\u003c/span\u003e\u003c/p\u003e\u003c/blockquote\u003e\u003cp\u003e\u003cb\u003esubject\u003c/b\u003e: \u003ca href\u003d\"patient-pat1.html\"\u003ePatient/pat1: Donald Duck\u003c/a\u003e \u0026quot;Duck DONALD\u0026quot;\u003c/p\u003e\u003cp\u003e\u003cb\u003eencounter\u003c/b\u003e: \u003ca href\u003d\"encounter-f001.html\"\u003eEncounter/f001: encounter who leads to this prescription\u003c/a\u003e\u003c/p\u003e\u003cp\u003e\u003cb\u003eauthoredOn\u003c/b\u003e: 2015-01-15\u003c/p\u003e\u003cp\u003e\u003cb\u003erequester\u003c/b\u003e: \u003ca href\u003d\"practitioner-f007.html\"\u003ePractitioner/f007: Patrick Pump\u003c/a\u003e \u0026quot;Simone HEPS\u0026quot;\u003c/p\u003e\u003c/div\u003e"
  },
  "contained": [
    {
      "resourceType": "Medication",
      "id": "med0309",
      "code": {
        "coding": [
          {
            "system": "http://hl7.org/fhir/sid/ndc",
            "code": "50580-608-02",
            "display": "Tylenol PM"
          }
        ]
      }
    }
  ],
  "identifier": [
    {
      "use": "official",
      "system": "http://www.bmc.nl/portal/prescriptions",
      "value": "12345689"
    }
  ],
  "status": "active",
  "intent": "order",
  "medicationReference": {
    "reference": "#med0309"
  },
  "subject": {
    "reference": "Patient/pat1",
    "display": "Donald Duck"
  },
  "encounter": {
    "reference": "Encounter/f001",
    "display": "encounter who leads to this prescription"
  },
  "authoredOn": "2015-01-15",
  "requester": {
    "reference": "Practitioner/f007",
    "display": "Patrick Pump"
  },
  "dosageInstruction": [
    {
      "sequence": 1,
      "text": "Take 1-2 tablets once daily at bedtime as needed for restless legs",
      "additionalInstruction": [
        {
          "text": "Take at bedtime"
        }
      ],
      "timing": {
        "repeat": {
          "frequency": 1,
          "period": 1,
          "periodUnit": "d"
        }
      },
      "asNeededCodeableConcept": {
        "coding": [
          {
            "system": "http://snomed.info/sct",
            "code": "32914008",
            "display": "Restless Legs"
          }
        ]
      },
      "route": {
        "coding": [
          {
            "system": "http://snomed.info/sct",
            "code": "26643006",
            "display": "Oral Route"
          }
        ]
      },
      "doseAndRate": [
        {
          "type": {
            "coding": [
              {
                "system": "http://terminology.hl7.org/CodeSystem/dose-rate-type",
                "code": "ordered",
                "display": "Ordered"
              }
            ]
          },
          "doseRange": {
            "low": {
              "value": 1,
              "unit": "TAB",
              "system": "http://terminology.hl7.org/CodeSystem/v3-orderableDrugForm",
              "code": "TAB"
            },
            "high": {
              "value": 2,
              "unit": "TAB",
              "system": "http://terminology.hl7.org/CodeSystem/v3-orderableDrugForm",
              "code": "TAB"
            }
          }
        }
      ]
    }
  ],
  "meta": {
    "tag": [
      {
        "system": "http://terminology.hl7.org/CodeSystem/v3-ActReason",
        "code": "HTEST",
        "display": "test health data"
      }
    ]
  }
}