{
  "resourceType": "Medication",
  "id": "med0307",
  "text": {
    "status": "generated",
    "div": "\u003cdiv xmlns\u003d\"http://www.w3.org/1999/xhtml\"\u003e\u003cp\u003e\u003cb\u003eGenerated Narrative\u003c/b\u003e\u003c/p\u003e\u003cdiv style\u003d\"display: inline-block; background-color: #d9e0e7; padding: 6px; margin: 4px; border: 1px solid #8da1b4; border-radius: 5px; line-height: 60%\"\u003e\u003cp style\u003d\"margin-bottom: 0px\"\u003eResource \u0026quot;med0307\u0026quot; \u003c/p\u003e\u003c/div\u003e\u003cp\u003e\u003cb\u003ecode\u003c/b\u003e: Novolog 100u/ml \u003cspan style\u003d\"background: LightGoldenRodYellow; margin: 4px; border: 1px solid khaki\"\u003e (\u003ca href\u003d\"http://terminology.hl7.org/3.1.0/CodeSystem-v3-ndc.html\"\u003eNational drug codes\u003c/a\u003e#0169-7501-11)\u003c/span\u003e\u003c/p\u003e\u003cp\u003e\u003cb\u003emanufacturer\u003c/b\u003e: \u003ca name\u003d\"org3\"\u003e \u003c/a\u003e\u003c/p\u003e\u003cblockquote\u003e\u003cdiv style\u003d\"display: inline-block; background-color: #d9e0e7; padding: 6px; margin: 4px; border: 1px solid #8da1b4; border-radius: 5px; line-height: 60%\"\u003e\u003cp style\u003d\"margin-bottom: 0px\"\u003eResource \u0026quot;org3\u0026quot; \u003c/p\u003e\u003c/div\u003e\u003cp\u003e\u003cb\u003ename\u003c/b\u003e: Novo Nordisk\u003c/p\u003e\u003c/blockquote\u003e\u003cp\u003e\u003cb\u003eform\u003c/b\u003e: Injection solution (qualifier value) \u003cspan style\u003d\"background: LightGoldenRodYellow; margin: 4px; border: 1px solid khaki\"\u003e (\u003ca href\u003d\"https://browser.ihtsdotools.org/\"\u003eSNOMED CT\u003c/a\u003e#385219001)\u003c/span\u003e\u003c/p\u003e\u003ch3\u003eIngredients\u003c/h3\u003e\u003ctable class\u003d\"grid\"\u003e\u003ctr\u003e\u003ctd\u003e-\u003c/td\u003e\u003ctd\u003e\u003cb\u003eItem[x]\u003c/b\u003e\u003c/td\u003e\u003ctd\u003e\u003cb\u003eStrength\u003c/b\u003e\u003c/td\u003e\u003c/tr\u003e\u003ctr\u003e\u003ctd\u003e*\u003c/td\u003e\u003ctd\u003eInsulin Aspart (substance) \u003cspan style\u003d\"background: LightGoldenRodYellow; margin: 4px; border: 1px solid khaki\"\u003e (\u003ca href\u003d\"https://browser.ihtsdotools.org/\"\u003eSNOMED CT\u003c/a\u003e#325072002)\u003c/span\u003e\u003c/td\u003e\u003ctd\u003e100 U\u003cspan style\u003d\"background: LightGoldenRodYellow\"\u003e (Details: UCUM code U \u003d \u0027U\u0027)\u003c/span\u003e/1 mL\u003cspan style\u003d\"background: LightGoldenRodYellow\"\u003e (Details: UCUM code mL \u003d \u0027mL\u0027)\u003c/span\u003e\u003c/td\u003e\u003c/tr\u003e\u003c/table\u003e\u003ch3\u003eBatches\u003c/h3\u003e\u003ctable class\u003d\"grid\"\u003e\u003ctr\u003e\u003ctd\u003e-\u003c/td\u003e\u003ctd\u003e\u003cb\u003eLotNumber\u003c/b\u003e\u003c/td\u003e\u003ctd\u003e\u003cb\u003eExpirationDate\u003c/b\u003e\u003c/td\u003e\u003c/tr\u003e\u003ctr\u003e\u003ctd\u003e*\u003c/td\u003e\u003ctd\u003e12345\u003c/td\u003e\u003ctd\u003e2019-10-31\u003c/td\u003e\u003c/tr\u003e\u003c/table\u003e\u003c/div\u003e"
  },
  "contained": [
    {
      "resourceType": "Organization",
      "id": "org3",
      "name": "Novo Nordisk"
    }
  ],
  "code": {
    "coding": [
      {
        "system": "http://hl7.org/fhir/sid/ndc",
        "code": "0169-7501-11",
        "display": "Novolog 100u/ml"
      }
    ]
  },
  "manufacturer": {
    "reference": "#org3"
  },
  "form": {
    "coding": [
      {
        "system": "http://snomed.info/sct",
        "code": "385219001",
        "display": "Injection solution (qualifier value)"
      }
    ]
  },
  "ingredient": [
    {
      "itemCodeableConcept": {
        "coding": [
          {
            "system": "http://snomed.info/sct",
            "code": "325072002",
            "display": "Insulin Aspart (substance)"
          }
        ]
      },
      "strength": {
        "numerator": {
          "value": 100,
          "system": "http://unitsofmeasure.org",
          "code": "U"
        },
        "denominator": {
          "value": 1,
          "system": "http://unitsofmeasure.org",
          "code": "mL"
        }
      }
    }
  ],
  "batch": {
    "lotNumber": "12345",
    "expirationDate": "2019-10-31"
  },
  "meta": {
    "tag": [
      {
        "system": "http://terminology.hl7.org/CodeSystem/v3-ActReason",
        "code": "HTEST",
        "display": "test health data"
      }
    ]
  }
}