{
  "resourceType": "MedicationStatement",
  "id": "example005",
  "text": {
    "status": "generated",
    "div": "\u003cdiv xmlns\u003d\"http://www.w3.org/1999/xhtml\"\u003e\u003cp\u003e\u003cb\u003eGenerated Narrative\u003c/b\u003e\u003c/p\u003e\u003cdiv style\u003d\"display: inline-block; background-color: #d9e0e7; padding: 6px; margin: 4px; border: 1px solid #8da1b4; border-radius: 5px; line-height: 60%\"\u003e\u003cp style\u003d\"margin-bottom: 0px\"\u003eResource \u0026quot;example005\u0026quot; \u003c/p\u003e\u003c/div\u003e\u003cp\u003e\u003cb\u003ebasedOn\u003c/b\u003e: \u003ca href\u003d\"careplan-gpvisit.html\"\u003eCarePlan/gpvisit\u003c/a\u003e\u003c/p\u003e\u003cp\u003e\u003cb\u003estatus\u003c/b\u003e: entered-in-error\u003c/p\u003e\u003cp\u003e\u003cb\u003emedication\u003c/b\u003e: Amoxicillin (product) \u003cspan style\u003d\"background: LightGoldenRodYellow; margin: 4px; border: 1px solid khaki\"\u003e (\u003ca href\u003d\"https://browser.ihtsdotools.org/\"\u003eSNOMED CT\u003c/a\u003e#27658006)\u003c/span\u003e\u003c/p\u003e\u003cp\u003e\u003cb\u003esubject\u003c/b\u003e: \u003ca href\u003d\"patient-pat1.html\"\u003ePatient/pat1: Donald Duck\u003c/a\u003e \u0026quot;Duck DONALD\u0026quot;\u003c/p\u003e\u003cp\u003e\u003cb\u003econtext\u003c/b\u003e: \u003ca href\u003d\"encounter-f203.html\"\u003eEncounter/f203\u003c/a\u003e\u003c/p\u003e\u003cp\u003e\u003cb\u003eeffective\u003c/b\u003e: 2014-01-23\u003c/p\u003e\u003cp\u003e\u003cb\u003edateAsserted\u003c/b\u003e: 2015-02-22\u003c/p\u003e\u003cp\u003e\u003cb\u003einformationSource\u003c/b\u003e: \u003ca href\u003d\"patient-pat1.html\"\u003ePatient/pat1: Donald Duck\u003c/a\u003e \u0026quot;Duck DONALD\u0026quot;\u003c/p\u003e\u003cp\u003e\u003cb\u003enote\u003c/b\u003e: Patient indicated that they thought it was Amoxicillin they were taking but it was really Erythromycin\u003c/p\u003e\u003c/div\u003e"
  },
  "basedOn": [
    {
      "reference": "CarePlan/gpvisit"
    }
  ],
  "status": "entered-in-error",
  "medicationCodeableConcept": {
    "coding": [
      {
        "system": "http://snomed.info/sct",
        "code": "27658006",
        "display": "Amoxicillin (product)"
      }
    ]
  },
  "subject": {
    "reference": "Patient/pat1",
    "display": "Donald Duck"
  },
  "context": {
    "reference": "Encounter/f203"
  },
  "effectiveDateTime": "2014-01-23",
  "dateAsserted": "2015-02-22",
  "informationSource": {
    "reference": "Patient/pat1",
    "display": "Donald Duck"
  },
  "note": [
    {
      "text": "Patient indicated that they thought it was Amoxicillin they were taking but it was really Erythromycin"
    }
  ],
  "meta": {
    "tag": [
      {
        "system": "http://terminology.hl7.org/CodeSystem/v3-ActReason",
        "code": "HTEST",
        "display": "test health data"
      }
    ]
  }
}