{
  "resourceType": "Medication",
  "id": "med0311",
  "text": {
    "status": "generated",
    "div": "\u003cdiv xmlns\u003d\"http://www.w3.org/1999/xhtml\"\u003e\u003cp\u003e\u003cb\u003eGenerated Narrative\u003c/b\u003e\u003c/p\u003e\u003cdiv style\u003d\"display: inline-block; background-color: #d9e0e7; padding: 6px; margin: 4px; border: 1px solid #8da1b4; border-radius: 5px; line-height: 60%\"\u003e\u003cp style\u003d\"margin-bottom: 0px\"\u003eResource \u0026quot;med0311\u0026quot; \u003c/p\u003e\u003c/div\u003e\u003cp\u003e\u003cb\u003ecode\u003c/b\u003e: Prednisone 5mg tablet (Product) \u003cspan style\u003d\"background: LightGoldenRodYellow; margin: 4px; border: 1px solid khaki\"\u003e (\u003ca href\u003d\"https://browser.ihtsdotools.org/\"\u003eSNOMED CT\u003c/a\u003e#373994007)\u003c/span\u003e\u003c/p\u003e\u003cp\u003e\u003cb\u003eform\u003c/b\u003e: Tablet dose form (qualifier value) \u003cspan style\u003d\"background: LightGoldenRodYellow; margin: 4px; border: 1px solid khaki\"\u003e (\u003ca href\u003d\"https://browser.ihtsdotools.org/\"\u003eSNOMED CT\u003c/a\u003e#385055001)\u003c/span\u003e\u003c/p\u003e\u003ch3\u003eIngredients\u003c/h3\u003e\u003ctable class\u003d\"grid\"\u003e\u003ctr\u003e\u003ctd\u003e-\u003c/td\u003e\u003ctd\u003e\u003cb\u003eItem[x]\u003c/b\u003e\u003c/td\u003e\u003ctd\u003e\u003cb\u003eStrength\u003c/b\u003e\u003c/td\u003e\u003c/tr\u003e\u003ctr\u003e\u003ctd\u003e*\u003c/td\u003e\u003ctd\u003e\u003ca name\u003d\"sub03\"\u003e \u003c/a\u003e\u003cblockquote\u003e\u003cdiv style\u003d\"display: inline-block; background-color: #d9e0e7; padding: 6px; margin: 4px; border: 1px solid #8da1b4; border-radius: 5px; line-height: 60%\"\u003e\u003cp style\u003d\"margin-bottom: 0px\"\u003eResource \u0026quot;sub03\u0026quot; \u003c/p\u003e\u003c/div\u003e\u003cp\u003e\u003cb\u003ecode\u003c/b\u003e: Prednisone (substance) \u003cspan style\u003d\"background: LightGoldenRodYellow; margin: 4px; border: 1px solid khaki\"\u003e (\u003ca href\u003d\"https://browser.ihtsdotools.org/\"\u003eSNOMED CT\u003c/a\u003e#116602009)\u003c/span\u003e\u003c/p\u003e\u003c/blockquote\u003e\u003c/td\u003e\u003ctd\u003e5 mg\u003cspan style\u003d\"background: LightGoldenRodYellow\"\u003e (Details: UCUM code mg \u003d \u0027mg\u0027)\u003c/span\u003e/1(unit TAB from http://terminology.hl7.org/CodeSystem/v3-orderableDrugForm)\u003cspan style\u003d\"background: LightGoldenRodYellow\"\u003e (Details: http://terminology.hl7.org/CodeSystem/v3-orderableDrugForm code TAB \u003d \u0027Tablet\u0027)\u003c/span\u003e\u003c/td\u003e\u003c/tr\u003e\u003c/table\u003e\u003c/div\u003e"
  },
  "contained": [
    {
      "resourceType": "Substance",
      "id": "sub03",
      "code": {
        "coding": [
          {
            "system": "http://snomed.info/sct",
            "code": "116602009",
            "display": "Prednisone (substance)"
          }
        ]
      }
    }
  ],
  "code": {
    "coding": [
      {
        "system": "http://snomed.info/sct",
        "code": "373994007",
        "display": "Prednisone 5mg tablet (Product)"
      }
    ]
  },
  "form": {
    "coding": [
      {
        "system": "http://snomed.info/sct",
        "code": "385055001",
        "display": "Tablet dose form (qualifier value)"
      }
    ]
  },
  "ingredient": [
    {
      "itemReference": {
        "reference": "#sub03"
      },
      "strength": {
        "numerator": {
          "value": 5,
          "system": "http://unitsofmeasure.org",
          "code": "mg"
        },
        "denominator": {
          "value": 1,
          "system": "http://terminology.hl7.org/CodeSystem/v3-orderableDrugForm",
          "code": "TAB"
        }
      }
    }
  ],
  "meta": {
    "tag": [
      {
        "system": "http://terminology.hl7.org/CodeSystem/v3-ActReason",
        "code": "HTEST",
        "display": "test health data"
      }
    ]
  }
}