{
  "resourceType": "NutritionOrder",
  "id": "diabeticsupplement",
  "text": {
    "status": "generated",
    "div": "\u003cdiv xmlns\u003d\"http://www.w3.org/1999/xhtml\"\u003e\u003cp\u003e\u003cb\u003eGenerated Narrative\u003c/b\u003e\u003c/p\u003e\u003cdiv style\u003d\"display: inline-block; background-color: #d9e0e7; padding: 6px; margin: 4px; border: 1px solid #8da1b4; border-radius: 5px; line-height: 60%\"\u003e\u003cp style\u003d\"margin-bottom: 0px\"\u003eResource \u0026quot;diabeticsupplement\u0026quot; \u003c/p\u003e\u003c/div\u003e\u003cp\u003e\u003cb\u003eidentifier\u003c/b\u003e: id: 123\u003c/p\u003e\u003cp\u003e\u003cb\u003estatus\u003c/b\u003e: active\u003c/p\u003e\u003cp\u003e\u003cb\u003eintent\u003c/b\u003e: order\u003c/p\u003e\u003cp\u003e\u003cb\u003epatient\u003c/b\u003e: \u003ca href\u003d\"patient-example.html\"\u003ePatient/example: Peter Chalmers\u003c/a\u003e \u0026quot;Peter CHALMERS\u0026quot;\u003c/p\u003e\u003cp\u003e\u003cb\u003eencounter\u003c/b\u003e: \u003ca href\u003d\"encounter-example.html\"\u003eEncounter/example: Inpatient\u003c/a\u003e\u003c/p\u003e\u003cp\u003e\u003cb\u003edateTime\u003c/b\u003e: 2014-09-17\u003c/p\u003e\u003cp\u003e\u003cb\u003eorderer\u003c/b\u003e: \u003ca href\u003d\"practitioner-example.html\"\u003ePractitioner/example: Dr Adam Careful\u003c/a\u003e \u0026quot;Adam CAREFUL\u0026quot;\u003c/p\u003e\u003cp\u003e\u003cb\u003eallergyIntolerance\u003c/b\u003e: \u003ca href\u003d\"allergyintolerance-example.html\"\u003eAllergyIntolerance/example: Cashew Nuts\u003c/a\u003e\u003c/p\u003e\u003cp\u003e\u003cb\u003efoodPreferenceModifier\u003c/b\u003e: Kosher \u003cspan style\u003d\"background: LightGoldenRodYellow; margin: 4px; border: 1px solid khaki\"\u003e (\u003ca href\u003d\"codesystem-encounter-diet.html\"\u003eDiet\u003c/a\u003e#kosher)\u003c/span\u003e\u003c/p\u003e\u003cp\u003e\u003cb\u003eexcludeFoodModifier\u003c/b\u003e: Cashew Nut \u003cspan style\u003d\"background: LightGoldenRodYellow; margin: 4px; border: 1px solid khaki\"\u003e (\u003ca href\u003d\"https://browser.ihtsdotools.org/\"\u003eSNOMED CT[20140730]\u003c/a\u003e#227493005)\u003c/span\u003e\u003c/p\u003e\u003ch3\u003eSupplements\u003c/h3\u003e\u003ctable class\u003d\"grid\"\u003e\u003ctr\u003e\u003ctd\u003e-\u003c/td\u003e\u003ctd\u003e\u003cb\u003eType\u003c/b\u003e\u003c/td\u003e\u003ctd\u003e\u003cb\u003eProductName\u003c/b\u003e\u003c/td\u003e\u003ctd\u003e\u003cb\u003eSchedule\u003c/b\u003e\u003c/td\u003e\u003ctd\u003e\u003cb\u003eQuantity\u003c/b\u003e\u003c/td\u003e\u003c/tr\u003e\u003ctr\u003e\u003ctd\u003e*\u003c/td\u003e\u003ctd\u003eAdult diabetic formula \u003cspan style\u003d\"background: LightGoldenRodYellow; margin: 4px; border: 1px solid khaki\"\u003e (\u003ca href\u003d\"https://browser.ihtsdotools.org/\"\u003eSNOMED CT\u003c/a\u003e#443051000124104 \u0026quot;Adult diabetes specialty formula\u0026quot;; supplement-type-codes#1010)\u003c/span\u003e\u003c/td\u003e\u003ctd\u003eGlucerna\u003c/td\u003e\u003ctd\u003eStarting 2015-02-10T15:00:00Z, Do Once per 24 hours, Duration 1?ngen-7?, Do , before sleeping\u003c/td\u003e\u003ctd\u003e1 8 oz bottle\u003c/td\u003e\u003c/tr\u003e\u003c/table\u003e\u003c/div\u003e"
  },
  "identifier": [
    {
      "system": "http://goodhealthhospital.org/nutrition-requests",
      "value": "123"
    }
  ],
  "status": "active",
  "intent": "order",
  "patient": {
    "reference": "Patient/example",
    "display": "Peter Chalmers"
  },
  "encounter": {
    "reference": "Encounter/example",
    "display": "Inpatient"
  },
  "dateTime": "2014-09-17",
  "orderer": {
    "reference": "Practitioner/example",
    "display": "Dr Adam Careful"
  },
  "allergyIntolerance": [
    {
      "reference": "AllergyIntolerance/example",
      "display": "Cashew Nuts"
    }
  ],
  "foodPreferenceModifier": [
    {
      "coding": [
        {
          "system": "http://terminology.hl7.org/CodeSystem/diet",
          "code": "kosher"
        }
      ]
    }
  ],
  "excludeFoodModifier": [
    {
      "coding": [
        {
          "system": "http://snomed.info/sct",
          "version": "20140730",
          "code": "227493005",
          "display": "Cashew Nut"
        }
      ]
    }
  ],
  "supplement": [
    {
      "type": {
        "coding": [
          {
            "system": "http://snomed.info/sct",
            "code": "443051000124104",
            "display": "Adult diabetes specialty formula"
          },
          {
            "system": "http://goodhealthhospital.org/supplement-type-codes",
            "code": "1010",
            "display": "Adult diabetic formula"
          }
        ],
        "text": "Adult diabetic formula"
      },
      "productName": "Glucerna",
      "schedule": [
        {
          "repeat": {
            "boundsPeriod": {
              "start": "2015-02-10T15:00:00Z"
            },
            "frequency": 1,
            "period": 24,
            "periodUnit": "h"
          }
        },
        {
          "repeat": {
            "duration": 1,
            "durationUnit": "h",
            "when": [
              "HS"
            ]
          }
        }
      ],
      "quantity": {
        "value": 1,
        "unit": "8 oz bottle"
      }
    }
  ],
  "meta": {
    "tag": [
      {
        "system": "http://terminology.hl7.org/CodeSystem/v3-ActReason",
        "code": "HTEST",
        "display": "test health data"
      }
    ]
  }
}