{
  "resourceType": "Patient",
  "id": "f001",
  "text": {
    "status": "generated",
    "div": "\u003cdiv xmlns\u003d\"http://www.w3.org/1999/xhtml\"\u003e\u003cp\u003e\u003cb\u003ePieter van de Heuvel \u003c/b\u003e male, DoB: 1944-11-17 ( id: 738472983 (USUAL))\u003c/p\u003e\u003c/div\u003e"
  },
  "identifier": [
    {
      "use": "usual",
      "system": "urn:oid:2.16.840.1.113883.2.4.6.3",
      "value": "738472983"
    },
    {
      "use": "usual",
      "system": "urn:oid:2.16.840.1.113883.2.4.6.3"
    }
  ],
  "active": true,
  "name": [
    {
      "use": "usual",
      "family": "van de Heuvel",
      "given": [
        "Pieter"
      ],
      "suffix": [
        "MSc"
      ]
    }
  ],
  "telecom": [
    {
      "system": "phone",
      "value": "0648352638",
      "use": "mobile"
    },
    {
      "system": "email",
      "value": "p.heuvel@gmail.com",
      "use": "home"
    }
  ],
  "gender": "male",
  "birthDate": "1944-11-17",
  "deceasedBoolean": false,
  "address": [
    {
      "use": "home",
      "line": [
        "Van Egmondkade 23"
      ],
      "city": "Amsterdam",
      "postalCode": "1024 RJ",
      "country": "NLD"
    }
  ],
  "maritalStatus": {
    "coding": [
      {
        "system": "http://terminology.hl7.org/CodeSystem/v3-MaritalStatus",
        "code": "M",
        "display": "Married"
      }
    ],
    "text": "Getrouwd"
  },
  "multipleBirthBoolean": true,
  "contact": [
    {
      "relationship": [
        {
          "coding": [
            {
              "system": "http://terminology.hl7.org/CodeSystem/v2-0131",
              "code": "C"
            }
          ]
        }
      ],
      "name": {
        "use": "usual",
        "family": "Abels",
        "given": [
          "Sarah"
        ]
      },
      "telecom": [
        {
          "system": "phone",
          "value": "0690383372",
          "use": "mobile"
        }
      ]
    }
  ],
  "communication": [
    {
      "language": {
        "coding": [
          {
            "system": "urn:ietf:bcp:47",
            "code": "nl",
            "display": "Dutch"
          }
        ],
        "text": "Nederlands"
      },
      "preferred": true
    }
  ],
  "managingOrganization": {
    "reference": "Organization/f001",
    "display": "Burgers University Medical Centre"
  },
  "meta": {
    "tag": [
      {
        "system": "http://terminology.hl7.org/CodeSystem/v3-ActReason",
        "code": "HTEST",
        "display": "test health data"
      }
    ]
  }
}