{
  "resourceType": "Procedure",
  "id": "f201",
  "text": {
    "status": "generated",
    "div": "\u003cdiv xmlns\u003d\"http://www.w3.org/1999/xhtml\"\u003e\u003cp\u003e\u003cb\u003eGenerated Narrative\u003c/b\u003e\u003c/p\u003e\u003cdiv style\u003d\"display: inline-block; background-color: #d9e0e7; padding: 6px; margin: 4px; border: 1px solid #8da1b4; border-radius: 5px; line-height: 60%\"\u003e\u003cp style\u003d\"margin-bottom: 0px\"\u003eResource \u0026quot;f201\u0026quot; \u003c/p\u003e\u003c/div\u003e\u003cp\u003e\u003cb\u003einstantiatesCanonical\u003c/b\u003e: \u003ca href\u003d\"http://example.org/fhir/PlanDefinition/KDN5\"\u003ehttp://example.org/fhir/PlanDefinition/KDN5\u003c/a\u003e\u003c/p\u003e\u003cp\u003e\u003cb\u003estatus\u003c/b\u003e: completed\u003c/p\u003e\u003cp\u003e\u003cb\u003ecode\u003c/b\u003e: Chemotherapy \u003cspan style\u003d\"background: LightGoldenRodYellow; margin: 4px; border: 1px solid khaki\"\u003e (\u003ca href\u003d\"https://browser.ihtsdotools.org/\"\u003eSNOMED CT\u003c/a\u003e#367336001)\u003c/span\u003e\u003c/p\u003e\u003cp\u003e\u003cb\u003esubject\u003c/b\u003e: \u003ca href\u003d\"patient-f201.html\"\u003ePatient/f201: Roel\u003c/a\u003e \u0026quot;Roel\u0026quot;\u003c/p\u003e\u003cp\u003e\u003cb\u003eencounter\u003c/b\u003e: \u003ca href\u003d\"encounter-f202.html\"\u003eEncounter/f202: Roel\u0027s encounter on January 28th, 2013\u003c/a\u003e\u003c/p\u003e\u003cp\u003e\u003cb\u003eperformed\u003c/b\u003e: 2013-01-28T13:31:00+01:00 --\u0026gt; 2013-01-28T14:27:00+01:00\u003c/p\u003e\u003ch3\u003ePerformers\u003c/h3\u003e\u003ctable class\u003d\"grid\"\u003e\u003ctr\u003e\u003ctd\u003e-\u003c/td\u003e\u003ctd\u003e\u003cb\u003eFunction\u003c/b\u003e\u003c/td\u003e\u003ctd\u003e\u003cb\u003eActor\u003c/b\u003e\u003c/td\u003e\u003c/tr\u003e\u003ctr\u003e\u003ctd\u003e*\u003c/td\u003e\u003ctd\u003eMedical oncologist \u003cspan style\u003d\"background: LightGoldenRodYellow; margin: 4px; border: 1px solid khaki\"\u003e (\u003ca href\u003d\"https://browser.ihtsdotools.org/\"\u003eSNOMED CT\u003c/a\u003e#310512001)\u003c/span\u003e\u003c/td\u003e\u003ctd\u003e\u003ca href\u003d\"practitioner-f201.html\"\u003ePractitioner/f201: Dokter Bronsig\u003c/a\u003e \u0026quot;Dokter Bronsig\u0026quot;\u003c/td\u003e\u003c/tr\u003e\u003c/table\u003e\u003cp\u003e\u003cb\u003ereasonCode\u003c/b\u003e: DiagnosticReport/f201 \u003cspan style\u003d\"background: LightGoldenRodYellow; margin: 4px; border: 1px solid khaki\"\u003e ()\u003c/span\u003e\u003c/p\u003e\u003cp\u003e\u003cb\u003ebodySite\u003c/b\u003e: Sphenoid bone \u003cspan style\u003d\"background: LightGoldenRodYellow; margin: 4px; border: 1px solid khaki\"\u003e (\u003ca href\u003d\"https://browser.ihtsdotools.org/\"\u003eSNOMED CT\u003c/a\u003e#272676008)\u003c/span\u003e\u003c/p\u003e\u003cp\u003e\u003cb\u003enote\u003c/b\u003e: Eerste neo-adjuvante TPF-kuur bij groot proces in sphenoid met intracraniale uitbreiding.\u003c/p\u003e\u003c/div\u003e"
  },
  "instantiatesCanonical": [
    "http://example.org/fhir/PlanDefinition/KDN5"
  ],
  "status": "completed",
  "code": {
    "coding": [
      {
        "system": "http://snomed.info/sct",
        "code": "367336001",
        "display": "Chemotherapy"
      }
    ]
  },
  "subject": {
    "reference": "Patient/f201",
    "display": "Roel"
  },
  "encounter": {
    "reference": "Encounter/f202",
    "display": "Roel\u0027s encounter on January 28th, 2013"
  },
  "performedPeriod": {
    "start": "2013-01-28T13:31:00+01:00",
    "end": "2013-01-28T14:27:00+01:00"
  },
  "performer": [
    {
      "function": {
        "coding": [
          {
            "system": "http://snomed.info/sct",
            "code": "310512001",
            "display": "Medical oncologist"
          }
        ]
      },
      "actor": {
        "reference": "Practitioner/f201",
        "display": "Dokter Bronsig"
      }
    }
  ],
  "reasonCode": [
    {
      "text": "DiagnosticReport/f201"
    }
  ],
  "bodySite": [
    {
      "coding": [
        {
          "system": "http://snomed.info/sct",
          "code": "272676008",
          "display": "Sphenoid bone"
        }
      ]
    }
  ],
  "note": [
    {
      "text": "Eerste neo-adjuvante TPF-kuur bij groot proces in sphenoid met intracraniale uitbreiding."
    }
  ],
  "meta": {
    "tag": [
      {
        "system": "http://terminology.hl7.org/CodeSystem/v3-ActReason",
        "code": "HTEST",
        "display": "test health data"
      }
    ]
  }
}