{
  "resourceType": "Questionnaire",
  "id": "zika-virus-exposure-assessment",
  "text": {
    "status": "generated",
    "div": "\u003cdiv xmlns\u003d\"http://www.w3.org/1999/xhtml\"\u003e\u003cp\u003e\u003cb\u003eGenerated Narrative\u003c/b\u003e\u003c/p\u003e\u003cdiv style\u003d\"display: inline-block; background-color: #d9e0e7; padding: 6px; margin: 4px; border: 1px solid #8da1b4; border-radius: 5px; line-height: 60%\"\u003e\u003cp style\u003d\"margin-bottom: 0px\"\u003eResource \u0026quot;zika-virus-exposure-assessment\u0026quot; \u003c/p\u003e\u003c/div\u003e\u003cp\u003e\u003cb\u003eurl\u003c/b\u003e: \u003ccode\u003ehttp://example.org/Questionnaire/zika-virus-exposure-assessment\u003c/code\u003e\u003c/p\u003e\u003cp\u003e\u003cb\u003ename\u003c/b\u003e: ExampleZikaVirusExposureAssessment\u003c/p\u003e\u003cp\u003e\u003cb\u003etitle\u003c/b\u003e: Example Zika Virus Exposure Assessment\u003c/p\u003e\u003cp\u003e\u003cb\u003estatus\u003c/b\u003e: draft\u003c/p\u003e\u003cp\u003e\u003cb\u003esubjectType\u003c/b\u003e: Patient\u003c/p\u003e\u003cp\u003e\u003cb\u003edate\u003c/b\u003e: 2016-11-14\u003c/p\u003e\u003cp\u003e\u003cb\u003edescription\u003c/b\u003e: Example questionnaire to assess Zika virus exposure potential.\u003c/p\u003e\u003cp\u003e\u003cb\u003eeffectivePeriod\u003c/b\u003e: 2016-11-14 --\u0026gt; (ongoing)\u003c/p\u003e\u003cblockquote\u003e\u003cp\u003e\u003cb\u003eitem\u003c/b\u003e\u003c/p\u003e\u003cp\u003e\u003cb\u003elinkId\u003c/b\u003e: 1\u003c/p\u003e\u003cp\u003e\u003cb\u003ecode\u003c/b\u003e: CDE: Resident of or Frequent Traveler to Zika Area (Details: http://example.org/questionnaires code CDE: Resident of or Frequent Traveler to Zika Area \u003d \u0027CDE: Resident of or Frequent Traveler to Zika Area\u0027, stated as \u0027null\u0027)\u003c/p\u003e\u003cp\u003e\u003cb\u003etext\u003c/b\u003e: Are you a resident of, or do you travel frequently to, an area with active Zika transmission?\u003c/p\u003e\u003cp\u003e\u003cb\u003etype\u003c/b\u003e: boolean\u003c/p\u003e\u003c/blockquote\u003e\u003cblockquote\u003e\u003cp\u003e\u003cb\u003eitem\u003c/b\u003e\u003c/p\u003e\u003cp\u003e\u003cb\u003elinkId\u003c/b\u003e: 2\u003c/p\u003e\u003cp\u003e\u003cb\u003ecode\u003c/b\u003e: CDE: Recent Travel to Zika Area (Details: http://example.org/questionnaires code CDE: Recent Travel to Zika Area \u003d \u0027CDE: Recent Travel to Zika Area\u0027, stated as \u0027null\u0027)\u003c/p\u003e\u003cp\u003e\u003cb\u003etext\u003c/b\u003e: Have you recently traveled to an area with active Zika transmission?\u003c/p\u003e\u003cp\u003e\u003cb\u003etype\u003c/b\u003e: boolean\u003c/p\u003e\u003ch3\u003eEnableWhens\u003c/h3\u003e\u003ctable class\u003d\"grid\"\u003e\u003ctr\u003e\u003ctd\u003e-\u003c/td\u003e\u003ctd\u003e\u003cb\u003eQuestion\u003c/b\u003e\u003c/td\u003e\u003ctd\u003e\u003cb\u003eOperator\u003c/b\u003e\u003c/td\u003e\u003ctd\u003e\u003cb\u003eAnswer[x]\u003c/b\u003e\u003c/td\u003e\u003c/tr\u003e\u003ctr\u003e\u003ctd\u003e*\u003c/td\u003e\u003ctd\u003e1\u003c/td\u003e\u003ctd\u003e\u003d\u003c/td\u003e\u003ctd\u003efalse\u003c/td\u003e\u003c/tr\u003e\u003c/table\u003e\u003c/blockquote\u003e\u003cblockquote\u003e\u003cp\u003e\u003cb\u003eitem\u003c/b\u003e\u003c/p\u003e\u003cp\u003e\u003cb\u003elinkId\u003c/b\u003e: 3\u003c/p\u003e\u003cp\u003e\u003cb\u003ecode\u003c/b\u003e: CDE: Time Since Returned From Travel (Details: http://example.org/questionnaires code CDE: Time Since Returned From Travel \u003d \u0027CDE: Time Since Returned From Travel\u0027, stated as \u0027null\u0027)\u003c/p\u003e\u003cp\u003e\u003cb\u003etext\u003c/b\u003e: How long has it been since you returned?\u003c/p\u003e\u003cp\u003e\u003cb\u003etype\u003c/b\u003e: quantity\u003c/p\u003e\u003ch3\u003eEnableWhens\u003c/h3\u003e\u003ctable class\u003d\"grid\"\u003e\u003ctr\u003e\u003ctd\u003e-\u003c/td\u003e\u003ctd\u003e\u003cb\u003eQuestion\u003c/b\u003e\u003c/td\u003e\u003ctd\u003e\u003cb\u003eOperator\u003c/b\u003e\u003c/td\u003e\u003ctd\u003e\u003cb\u003eAnswer[x]\u003c/b\u003e\u003c/td\u003e\u003c/tr\u003e\u003ctr\u003e\u003ctd\u003e*\u003c/td\u003e\u003ctd\u003e2\u003c/td\u003e\u003ctd\u003e\u003d\u003c/td\u003e\u003ctd\u003etrue\u003c/td\u003e\u003c/tr\u003e\u003c/table\u003e\u003c/blockquote\u003e\u003cblockquote\u003e\u003cp\u003e\u003cb\u003eitem\u003c/b\u003e\u003c/p\u003e\u003cp\u003e\u003cb\u003elinkId\u003c/b\u003e: 4\u003c/p\u003e\u003cp\u003e\u003cb\u003ecode\u003c/b\u003e: CDE: Recent Sexual Encounter with Traveler to Zika Area (Details: http://example.org/questionnaires code CDE: Recent Sexual Encounter with Traveler to Zika Area \u003d \u0027CDE: Recent Sexual Encounter with Traveler to Zika Area\u0027, stated as \u0027null\u0027)\u003c/p\u003e\u003cp\u003e\u003cb\u003etext\u003c/b\u003e: Have you recently had condomless sex with a partner that has travelled in an area with active Zika transmission?\u003c/p\u003e\u003cp\u003e\u003cb\u003etype\u003c/b\u003e: boolean\u003c/p\u003e\u003ch3\u003eEnableWhens\u003c/h3\u003e\u003ctable class\u003d\"grid\"\u003e\u003ctr\u003e\u003ctd\u003e-\u003c/td\u003e\u003ctd\u003e\u003cb\u003eQuestion\u003c/b\u003e\u003c/td\u003e\u003ctd\u003e\u003cb\u003eOperator\u003c/b\u003e\u003c/td\u003e\u003ctd\u003e\u003cb\u003eAnswer[x]\u003c/b\u003e\u003c/td\u003e\u003c/tr\u003e\u003ctr\u003e\u003ctd\u003e*\u003c/td\u003e\u003ctd\u003e2\u003c/td\u003e\u003ctd\u003e\u003d\u003c/td\u003e\u003ctd\u003efalse\u003c/td\u003e\u003c/tr\u003e\u003c/table\u003e\u003c/blockquote\u003e\u003cblockquote\u003e\u003cp\u003e\u003cb\u003eitem\u003c/b\u003e\u003c/p\u003e\u003cp\u003e\u003cb\u003elinkId\u003c/b\u003e: 5\u003c/p\u003e\u003cp\u003e\u003cb\u003ecode\u003c/b\u003e: CDE: Time Since Sexual Encounter (Details: http://example.org/questionnaires code CDE: Time Since Sexual Encounter \u003d \u0027CDE: Time Since Sexual Encounter\u0027, stated as \u0027null\u0027)\u003c/p\u003e\u003cp\u003e\u003cb\u003etext\u003c/b\u003e: How long has it been since your last condomless sexual encounter?\u003c/p\u003e\u003cp\u003e\u003cb\u003etype\u003c/b\u003e: quantity\u003c/p\u003e\u003ch3\u003eEnableWhens\u003c/h3\u003e\u003ctable class\u003d\"grid\"\u003e\u003ctr\u003e\u003ctd\u003e-\u003c/td\u003e\u003ctd\u003e\u003cb\u003eQuestion\u003c/b\u003e\u003c/td\u003e\u003ctd\u003e\u003cb\u003eOperator\u003c/b\u003e\u003c/td\u003e\u003ctd\u003e\u003cb\u003eAnswer[x]\u003c/b\u003e\u003c/td\u003e\u003c/tr\u003e\u003ctr\u003e\u003ctd\u003e*\u003c/td\u003e\u003ctd\u003e4\u003c/td\u003e\u003ctd\u003e\u003d\u003c/td\u003e\u003ctd\u003etrue\u003c/td\u003e\u003c/tr\u003e\u003c/table\u003e\u003c/blockquote\u003e\u003cblockquote\u003e\u003cp\u003e\u003cb\u003eitem\u003c/b\u003e\u003c/p\u003e\u003cp\u003e\u003cb\u003elinkId\u003c/b\u003e: 6\u003c/p\u003e\u003cp\u003e\u003cb\u003ecode\u003c/b\u003e: CDE: Planned Travel to Zika Area (Details: http://example.org/questionnaires code CDE: Planned Travel to Zika Area \u003d \u0027CDE: Planned Travel to Zika Area\u0027, stated as \u0027null\u0027)\u003c/p\u003e\u003cp\u003e\u003cb\u003etext\u003c/b\u003e: Do you plan to travel to an area with active Zika transmission?\u003c/p\u003e\u003cp\u003e\u003cb\u003etype\u003c/b\u003e: boolean\u003c/p\u003e\u003ch3\u003eEnableWhens\u003c/h3\u003e\u003ctable class\u003d\"grid\"\u003e\u003ctr\u003e\u003ctd\u003e-\u003c/td\u003e\u003ctd\u003e\u003cb\u003eQuestion\u003c/b\u003e\u003c/td\u003e\u003ctd\u003e\u003cb\u003eOperator\u003c/b\u003e\u003c/td\u003e\u003ctd\u003e\u003cb\u003eAnswer[x]\u003c/b\u003e\u003c/td\u003e\u003c/tr\u003e\u003ctr\u003e\u003ctd\u003e*\u003c/td\u003e\u003ctd\u003e4\u003c/td\u003e\u003ctd\u003e\u003d\u003c/td\u003e\u003ctd\u003efalse\u003c/td\u003e\u003c/tr\u003e\u003c/table\u003e\u003c/blockquote\u003e\u003c/div\u003e"
  },
  "url": "http://example.org/Questionnaire/zika-virus-exposure-assessment",
  "name": "ExampleZikaVirusExposureAssessment",
  "title": "Example Zika Virus Exposure Assessment",
  "status": "draft",
  "experimental": true,
  "subjectType": [
    "Patient"
  ],
  "date": "2016-11-14",
  "description": "Example questionnaire to assess Zika virus exposure potential.",
  "effectivePeriod": {
    "start": "2016-11-14"
  },
  "item": [
    {
      "extension": [
        {
          "url": "http://example.org/additional-information",
          "valueAttachment": {
            "url": "http://www.cdc.gov/zika/geo/index.html",
            "title": "Areas with active Zika virus transmission/exposure risk"
          }
        }
      ],
      "linkId": "1",
      "code": [
        {
          "system": "http://example.org/questionnaires",
          "code": "CDE: Resident of or Frequent Traveler to Zika Area"
        }
      ],
      "text": "Are you a resident of, or do you travel frequently to, an area with active Zika transmission?",
      "type": "boolean"
    },
    {
      "extension": [
        {
          "url": "http://example.org/additional-information",
          "valueAttachment": {
            "url": "http://www.cdc.gov/zika/geo/index.html",
            "title": "Areas with active Zika virus transmission/exposure risk"
          }
        }
      ],
      "linkId": "2",
      "code": [
        {
          "system": "http://example.org/questionnaires",
          "code": "CDE: Recent Travel to Zika Area"
        }
      ],
      "text": "Have you recently traveled to an area with active Zika transmission?",
      "type": "boolean",
      "enableWhen": [
        {
          "question": "1",
          "operator": "\u003d",
          "answerBoolean": false
        }
      ]
    },
    {
      "linkId": "3",
      "code": [
        {
          "system": "http://example.org/questionnaires",
          "code": "CDE: Time Since Returned From Travel"
        }
      ],
      "text": "How long has it been since you returned?",
      "type": "quantity",
      "enableWhen": [
        {
          "question": "2",
          "operator": "\u003d",
          "answerBoolean": true
        }
      ]
    },
    {
      "extension": [
        {
          "url": "http://example.org/additional-information",
          "valueAttachment": {
            "url": "http://www.cdc.gov/zika/geo/index.html",
            "title": "Areas with active Zika virus transmission/exposure risk"
          }
        }
      ],
      "linkId": "4",
      "code": [
        {
          "system": "http://example.org/questionnaires",
          "code": "CDE: Recent Sexual Encounter with Traveler to Zika Area"
        }
      ],
      "text": "Have you recently had condomless sex with a partner that has travelled in an area with active Zika transmission?",
      "type": "boolean",
      "enableWhen": [
        {
          "question": "2",
          "operator": "\u003d",
          "answerBoolean": false
        }
      ]
    },
    {
      "linkId": "5",
      "code": [
        {
          "system": "http://example.org/questionnaires",
          "code": "CDE: Time Since Sexual Encounter"
        }
      ],
      "text": "How long has it been since your last condomless sexual encounter?",
      "type": "quantity",
      "enableWhen": [
        {
          "question": "4",
          "operator": "\u003d",
          "answerBoolean": true
        }
      ]
    },
    {
      "extension": [
        {
          "url": "http://example.org/additional-information",
          "valueAttachment": {
            "url": "http://www.cdc.gov/zika/geo/index.html",
            "title": "Areas with active Zika virus transmission/exposure risk"
          }
        }
      ],
      "linkId": "6",
      "code": [
        {
          "system": "http://example.org/questionnaires",
          "code": "CDE: Planned Travel to Zika Area"
        }
      ],
      "text": "Do you plan to travel to an area with active Zika transmission?",
      "type": "boolean",
      "enableWhen": [
        {
          "question": "4",
          "operator": "\u003d",
          "answerBoolean": false
        }
      ]
    }
  ]
}