{
  "resourceType": "ConceptMap",
  "id": "sc-endpoint-status",
  "text": {
    "status": "extensions",
    "div": "\u003cdiv xmlns\u003d\"http://www.w3.org/1999/xhtml\"\u003e\u003ch2\u003eEndpointStatusCanonicalMap (http://hl7.org/fhir/ConceptMap/sc-endpoint-status)\u003c/h2\u003e\u003cp\u003eMapping from \u003ca href\u003d\"valueset-endpoint-status.html\"\u003ehttp://hl7.org/fhir/ValueSet/endpoint-status\u003c/a\u003e to \u003ca href\u003d\"valueset-resource-status.html\"\u003ehttp://hl7.org/fhir/ValueSet/resource-status\u003c/a\u003e\u003c/p\u003e\u003cp\u003eDRAFT. Published on 2021-01-17T07:06:13+11:00 by HL7 (FHIR Project) (\u003ca href\u003d\"http://hl7.org/fhir\"\u003ehttp://hl7.org/fhir\u003c/a\u003e, \u003ca href\u003d\"mailto:fhir@lists.hl7.org\"\u003efhir@lists.hl7.org\u003c/a\u003e). \u003c/p\u003e\u003cdiv\u003e\u003cp\u003eCanonical Mapping for \u0026quot;The status of the endpoint.\u0026quot;\u003c/p\u003e\n\u003c/div\u003e\u003cbr/\u003e\u003ctable class\u003d\"grid\"\u003e\u003ctr\u003e\u003ctd\u003e\u003cb\u003eSource Code\u003c/b\u003e\u003c/td\u003e\u003ctd\u003e\u003cb\u003eRelationship\u003c/b\u003e\u003c/td\u003e\u003ctd\u003e\u003cb\u003eDestination Code\u003c/b\u003e\u003c/td\u003e\u003c/tr\u003e\u003ctr\u003e\u003ctd colspan\u003d\"3\"\u003eMapping from \u003ca href\u003d\"codesystem-endpoint-status.html\"\u003eEndpointStatus\u003c/a\u003e to \u003ca href\u003d\"codesystem-resource-status.html\"\u003eCanonical Status Codes for FHIR Resources\u003c/a\u003e\u003c/td\u003e\u003c/tr\u003e\u003ctr\u003e\u003ctd\u003eentered-in-error\u003c/td\u003e\u003ctd\u003e\u003ca href\u003d\"codesystem-concept-map-equivalence.html#equivalent\"\u003eis equivalent to\u003c/a\u003e\u003c/td\u003e\u003ctd\u003eerror\u003c/td\u003e\u003c/tr\u003e\u003ctr\u003e\u003ctd\u003etest\u003c/td\u003e\u003ctd\u003e\u003ca href\u003d\"codesystem-concept-map-equivalence.html#equivalent\"\u003eis equivalent to\u003c/a\u003e\u003c/td\u003e\u003ctd\u003edraft\u003c/td\u003e\u003c/tr\u003e\u003ctr\u003e\u003ctd\u003eactive\u003c/td\u003e\u003ctd\u003e\u003ca href\u003d\"codesystem-concept-map-equivalence.html#equivalent\"\u003eis equivalent to\u003c/a\u003e\u003c/td\u003e\u003ctd\u003eactive\u003c/td\u003e\u003c/tr\u003e\u003ctr\u003e\u003ctd\u003esuspended\u003c/td\u003e\u003ctd\u003e\u003ca href\u003d\"codesystem-concept-map-equivalence.html#equivalent\"\u003eis equivalent to\u003c/a\u003e\u003c/td\u003e\u003ctd\u003esuspended\u003c/td\u003e\u003c/tr\u003e\u003ctr\u003e\u003ctd\u003eerror\u003c/td\u003e\u003ctd\u003e\u003ca href\u003d\"codesystem-concept-map-equivalence.html#equivalent\"\u003eis equivalent to\u003c/a\u003e\u003c/td\u003e\u003ctd\u003efailed\u003c/td\u003e\u003c/tr\u003e\u003ctr\u003e\u003ctd\u003eoff\u003c/td\u003e\u003ctd\u003e\u003ca href\u003d\"codesystem-concept-map-equivalence.html#equivalent\"\u003eis equivalent to\u003c/a\u003e\u003c/td\u003e\u003ctd\u003einactive\u003c/td\u003e\u003c/tr\u003e\u003c/table\u003e\u003c/div\u003e"
  },
  "url": "http://hl7.org/fhir/ConceptMap/sc-endpoint-status",
  "version": "4.3.0",
  "name": "EndpointStatusCanonicalMap",
  "title": "Canonical Mapping for \"EndpointStatus\"",
  "status": "draft",
  "experimental": false,
  "date": "2021-01-17T07:06:13+11:00",
  "publisher": "HL7 (FHIR Project)",
  "contact": [
    {
      "telecom": [
        {
          "system": "url",
          "value": "http://hl7.org/fhir"
        },
        {
          "system": "email",
          "value": "fhir@lists.hl7.org"
        }
      ]
    }
  ],
  "description": "Canonical Mapping for \"The status of the endpoint.\"",
  "sourceCanonical": "http://hl7.org/fhir/ValueSet/endpoint-status",
  "targetCanonical": "http://hl7.org/fhir/ValueSet/resource-status",
  "group": [
    {
      "source": "http://hl7.org/fhir/endpoint-status",
      "target": "http://hl7.org/fhir/resource-status",
      "element": [
        {
          "code": "entered-in-error",
          "target": [
            {
              "code": "error",
              "equivalence": "equivalent"
            }
          ]
        },
        {
          "code": "test",
          "target": [
            {
              "code": "draft",
              "equivalence": "equivalent"
            }
          ]
        },
        {
          "code": "active",
          "target": [
            {
              "code": "active",
              "equivalence": "equivalent"
            }
          ]
        },
        {
          "code": "suspended",
          "target": [
            {
              "code": "suspended",
              "equivalence": "equivalent"
            }
          ]
        },
        {
          "code": "error",
          "target": [
            {
              "code": "failed",
              "equivalence": "equivalent"
            }
          ]
        },
        {
          "code": "off",
          "target": [
            {
              "code": "inactive",
              "equivalence": "equivalent"
            }
          ]
        }
      ]
    }
  ]
}