{
  "resourceType": "Substance",
  "id": "f204",
  "text": {
    "status": "generated",
    "div": "\u003cdiv xmlns\u003d\"http://www.w3.org/1999/xhtml\"\u003e\u003cp\u003e\u003cb\u003eGenerated Narrative\u003c/b\u003e\u003c/p\u003e\u003cdiv style\u003d\"display: inline-block; background-color: #d9e0e7; padding: 6px; margin: 4px; border: 1px solid #8da1b4; border-radius: 5px; line-height: 60%\"\u003e\u003cp style\u003d\"margin-bottom: 0px\"\u003eResource \u0026quot;f204\u0026quot; \u003c/p\u003e\u003c/div\u003e\u003cp\u003e\u003cb\u003eidentifier\u003c/b\u003e: id: 15970\u003c/p\u003e\u003cp\u003e\u003cb\u003ecategory\u003c/b\u003e: Chemical \u003cspan style\u003d\"background: LightGoldenRodYellow; margin: 4px; border: 1px solid khaki\"\u003e (\u003ca href\u003d\"http://terminology.hl7.org/3.1.0/CodeSystem-substance-category.html\"\u003eSubstance Category Codes\u003c/a\u003e#chemical)\u003c/span\u003e\u003c/p\u003e\u003cp\u003e\u003cb\u003ecode\u003c/b\u003e: Silver nitrate 20% solution (product) \u003cspan style\u003d\"background: LightGoldenRodYellow; margin: 4px; border: 1px solid khaki\"\u003e (\u003ca href\u003d\"https://browser.ihtsdotools.org/\"\u003eSNOMED CT\u003c/a\u003e#333346007)\u003c/span\u003e\u003c/p\u003e\u003cp\u003e\u003cb\u003edescription\u003c/b\u003e: Solution for silver nitrate stain\u003c/p\u003e\u003ch3\u003eInstances\u003c/h3\u003e\u003ctable class\u003d\"grid\"\u003e\u003ctr\u003e\u003ctd\u003e-\u003c/td\u003e\u003ctd\u003e\u003cb\u003eIdentifier\u003c/b\u003e\u003c/td\u003e\u003ctd\u003e\u003cb\u003eExpiry\u003c/b\u003e\u003c/td\u003e\u003ctd\u003e\u003cb\u003eQuantity\u003c/b\u003e\u003c/td\u003e\u003c/tr\u003e\u003ctr\u003e\u003ctd\u003e*\u003c/td\u003e\u003ctd\u003eid: AB94687\u003c/td\u003e\u003ctd\u003e2018-01-01\u003c/td\u003e\u003ctd\u003e100 mL\u003cspan style\u003d\"background: LightGoldenRodYellow\"\u003e (Details: UCUM code mL \u003d \u0027mL\u0027)\u003c/span\u003e\u003c/td\u003e\u003c/tr\u003e\u003c/table\u003e\u003c/div\u003e"
  },
  "identifier": [
    {
      "system": "http://acme.org/identifiers/substances",
      "value": "15970"
    }
  ],
  "category": [
    {
      "coding": [
        {
          "system": "http://terminology.hl7.org/CodeSystem/substance-category",
          "code": "chemical",
          "display": "Chemical"
        }
      ]
    }
  ],
  "code": {
    "coding": [
      {
        "system": "http://snomed.info/sct",
        "code": "333346007",
        "display": "Silver nitrate 20% solution (product)"
      }
    ]
  },
  "description": "Solution for silver nitrate stain",
  "instance": [
    {
      "identifier": {
        "system": "http://acme.org/identifiers/substances/lot",
        "value": "AB94687"
      },
      "expiry": "2018-01-01",
      "quantity": {
        "value": 100,
        "unit": "mL",
        "system": "http://unitsofmeasure.org",
        "code": "mL"
      }
    }
  ],
  "meta": {
    "tag": [
      {
        "system": "http://terminology.hl7.org/CodeSystem/v3-ActReason",
        "code": "HTEST",
        "display": "test health data"
      }
    ]
  }
}