{
  "resourceType": "ValueSet",
  "id": "device-status",
  "meta": {
    "lastUpdated": "2022-05-28T13:47:40.239+11:00",
    "profile": [
      "http://hl7.org/fhir/StructureDefinition/shareablevalueset"
    ]
  },
  "text": {
    "status": "generated",
    "div": "\u003cdiv xmlns\u003d\"http://www.w3.org/1999/xhtml\"\u003e\n      \u003ch2\u003eFHIRDeviceStatus\u003c/h2\u003e\n      \u003cdiv\u003e\n        \u003cp\u003eThe availability status of the device.\u003c/p\u003e\n\n      \u003c/div\u003e\n      \u003cp\u003eThis value set includes codes from the following code systems:\u003c/p\u003e\n      \u003cul\u003e\n        \u003cli\u003eInclude all codes defined in \n          \u003ca href\u003d\"codesystem-device-status.html\"\u003e\n            \u003ccode\u003ehttp://hl7.org/fhir/device-status\u003c/code\u003e\n          \u003c/a\u003e\n        \u003c/li\u003e\n      \u003c/ul\u003e\n    \u003c/div\u003e"
  },
  "extension": [
    {
      "url": "http://hl7.org/fhir/StructureDefinition/structuredefinition-wg",
      "valueCode": "oo"
    },
    {
      "url": "http://hl7.org/fhir/StructureDefinition/structuredefinition-standards-status",
      "valueCode": "trial-use"
    },
    {
      "url": "http://hl7.org/fhir/StructureDefinition/structuredefinition-fmm",
      "valueInteger": 2
    }
  ],
  "url": "http://hl7.org/fhir/ValueSet/device-status",
  "identifier": [
    {
      "system": "urn:ietf:rfc:3986",
      "value": "urn:oid:2.16.840.1.113883.4.642.3.209"
    }
  ],
  "version": "4.3.0",
  "name": "FHIRDeviceStatus",
  "title": "FHIRDeviceStatus",
  "status": "draft",
  "experimental": false,
  "date": "2021-01-17T07:06:13+11:00",
  "publisher": "HL7 (FHIR Project)",
  "contact": [
    {
      "telecom": [
        {
          "system": "url",
          "value": "http://hl7.org/fhir"
        },
        {
          "system": "email",
          "value": "fhir@lists.hl7.org"
        }
      ]
    }
  ],
  "description": "The availability status of the device.",
  "immutable": true,
  "compose": {
    "include": [
      {
        "system": "http://hl7.org/fhir/device-status"
      }
    ]
  }
}