{
  "resourceType": "ValueSet",
  "id": "relatedperson-relationshiptype",
  "meta": {
    "lastUpdated": "2022-05-28T12:47:40.239+10:00",
    "profile": [
      "http://hl7.org/fhir/StructureDefinition/shareablevalueset"
    ]
  },
  "text": {
    "status": "generated",
    "div": "\u003cdiv xmlns\u003d\"http://www.w3.org/1999/xhtml\"\u003e\u003cp\u003eThis value set includes codes based on the following rules:\u003c/p\u003e\u003cul\u003e\u003cli\u003eInclude all codes defined in \u003ca href\u003d\"http://terminology.hl7.org/3.1.0/CodeSystem-v2-0131.html\"\u003e\u003ccode\u003ehttp://terminology.hl7.org/CodeSystem/v2-0131\u003c/code\u003e\u003c/a\u003e\u003c/li\u003e\u003cli\u003eInclude codes from \u003ca href\u003d\"http://terminology.hl7.org/3.1.0/CodeSystem-v3-RoleCode.html\"\u003e\u003ccode\u003ehttp://terminology.hl7.org/CodeSystem/v3-RoleCode\u003c/code\u003e\u003c/a\u003e where concept  is-a  \u003ca href\u003d\"http://terminology.hl7.org/3.1.0/CodeSystem-v3-RoleCode.html#v3-RoleCode-_PersonalRelationshipRoleType\"\u003e_PersonalRelationshipRoleType\u003c/a\u003e\u003c/li\u003e\u003c/ul\u003e\u003c/div\u003e"
  },
  "extension": [
    {
      "url": "http://hl7.org/fhir/StructureDefinition/structuredefinition-wg",
      "valueCode": "pa"
    }
  ],
  "url": "http://hl7.org/fhir/ValueSet/relatedperson-relationshiptype",
  "identifier": [
    {
      "system": "urn:ietf:rfc:3986",
      "value": "urn:oid:2.16.840.1.113883.4.642.3.449"
    }
  ],
  "version": "4.3.0",
  "name": "PatientRelationshipType",
  "status": "draft",
  "experimental": false,
  "publisher": "FHIR Project team",
  "contact": [
    {
      "telecom": [
        {
          "system": "url",
          "value": "http://hl7.org/fhir"
        }
      ]
    }
  ],
  "description": "A set of codes that can be used to indicate the relationship between a Patient and a Related Person.",
  "compose": {
    "include": [
      {
        "system": "http://terminology.hl7.org/CodeSystem/v2-0131"
      },
      {
        "system": "http://terminology.hl7.org/CodeSystem/v3-RoleCode",
        "filter": [
          {
            "property": "concept",
            "op": "is-a",
            "value": "_PersonalRelationshipRoleType"
          }
        ]
      }
    ]
  }
}