{
  "resourceType": "ValueSet",
  "id": "audit-event-type",
  "meta": {
    "lastUpdated": "2022-05-28T12:47:40.239+10:00",
    "profile": [
      "http://hl7.org/fhir/StructureDefinition/shareablevalueset"
    ]
  },
  "text": {
    "status": "generated",
    "div": "\u003cdiv xmlns\u003d\"http://www.w3.org/1999/xhtml\"\u003e\u003cp\u003eThis value set includes codes based on the following rules:\u003c/p\u003e\u003cul\u003e\u003cli\u003eInclude these codes as defined in \u003ca href\u003d\"http://dicom.nema.org/resources/ontology/DCM\"\u003e\u003ccode\u003ehttp://dicom.nema.org/resources/ontology/DCM\u003c/code\u003e\u003c/a\u003e\u003ctable class\u003d\"none\"\u003e\u003ctr\u003e\u003ctd style\u003d\"white-space:nowrap\"\u003e\u003cb\u003eCode\u003c/b\u003e\u003c/td\u003e\u003ctd\u003e\u003cb\u003eDisplay\u003c/b\u003e\u003c/td\u003e\u003c/tr\u003e\u003ctr\u003e\u003ctd\u003e110100\u003c/td\u003e\u003ctd\u003eApplication Activity\u003c/td\u003e\u003c/tr\u003e\u003ctr\u003e\u003ctd\u003e110101\u003c/td\u003e\u003ctd\u003eAudit Log Used\u003c/td\u003e\u003c/tr\u003e\u003ctr\u003e\u003ctd\u003e110102\u003c/td\u003e\u003ctd\u003eBegin Transferring DICOM Instances\u003c/td\u003e\u003c/tr\u003e\u003ctr\u003e\u003ctd\u003e110103\u003c/td\u003e\u003ctd\u003eDICOM Instances Accessed\u003c/td\u003e\u003c/tr\u003e\u003ctr\u003e\u003ctd\u003e110104\u003c/td\u003e\u003ctd\u003eDICOM Instances Transferred\u003c/td\u003e\u003c/tr\u003e\u003ctr\u003e\u003ctd\u003e110105\u003c/td\u003e\u003ctd\u003eDICOM Study Deleted\u003c/td\u003e\u003c/tr\u003e\u003ctr\u003e\u003ctd\u003e110106\u003c/td\u003e\u003ctd\u003eExport\u003c/td\u003e\u003c/tr\u003e\u003ctr\u003e\u003ctd\u003e110107\u003c/td\u003e\u003ctd\u003eImport\u003c/td\u003e\u003c/tr\u003e\u003ctr\u003e\u003ctd\u003e110108\u003c/td\u003e\u003ctd\u003eNetwork Entry\u003c/td\u003e\u003c/tr\u003e\u003ctr\u003e\u003ctd\u003e110109\u003c/td\u003e\u003ctd\u003eOrder Record\u003c/td\u003e\u003c/tr\u003e\u003ctr\u003e\u003ctd\u003e110110\u003c/td\u003e\u003ctd\u003ePatient Record\u003c/td\u003e\u003c/tr\u003e\u003ctr\u003e\u003ctd\u003e110111\u003c/td\u003e\u003ctd\u003eProcedure Record\u003c/td\u003e\u003c/tr\u003e\u003ctr\u003e\u003ctd\u003e110112\u003c/td\u003e\u003ctd\u003eQuery\u003c/td\u003e\u003c/tr\u003e\u003ctr\u003e\u003ctd\u003e110113\u003c/td\u003e\u003ctd\u003eSecurity Alert\u003c/td\u003e\u003c/tr\u003e\u003ctr\u003e\u003ctd\u003e110114\u003c/td\u003e\u003ctd\u003eUser Authentication\u003c/td\u003e\u003c/tr\u003e\u003c/table\u003e\u003c/li\u003e\u003cli\u003eInclude all codes defined in \u003ca href\u003d\"codesystem-audit-event-type.html\"\u003e\u003ccode\u003ehttp://terminology.hl7.org/CodeSystem/audit-event-type\u003c/code\u003e\u003c/a\u003e\u003c/li\u003e\u003cli\u003eInclude all codes defined in \u003ca href\u003d\"http://terminology.hl7.org/3.1.0/CodeSystem-iso-21089-lifecycle.html\"\u003e\u003ccode\u003ehttp://terminology.hl7.org/CodeSystem/iso-21089-lifecycle\u003c/code\u003e\u003c/a\u003e\u003c/li\u003e\u003c/ul\u003e\u003c/div\u003e"
  },
  "extension": [
    {
      "url": "http://hl7.org/fhir/StructureDefinition/structuredefinition-wg",
      "valueCode": "sec"
    },
    {
      "url": "http://hl7.org/fhir/StructureDefinition/structuredefinition-standards-status",
      "valueCode": "trial-use"
    },
    {
      "url": "http://hl7.org/fhir/StructureDefinition/structuredefinition-fmm",
      "valueInteger": 3
    }
  ],
  "url": "http://hl7.org/fhir/ValueSet/audit-event-type",
  "identifier": [
    {
      "system": "urn:ietf:rfc:3986",
      "value": "urn:oid:2.16.840.1.113883.4.642.3.462"
    }
  ],
  "version": "4.3.0",
  "name": "AuditEventID",
  "title": "Audit Event ID",
  "status": "active",
  "experimental": false,
  "date": "2015-03-26",
  "publisher": "NEMA/DICOM",
  "description": "Event Types for Audit Events - defined by DICOM with some FHIR specific additions.",
  "copyright": "These codes are excerpted from Digital Imaging and Communications in Medicine (DICOM) Standard, Part 16: Content Mapping Resource, Copyright © 2011 by the National Electrical Manufacturers Association.",
  "compose": {
    "include": [
      {
        "system": "http://dicom.nema.org/resources/ontology/DCM",
        "concept": [
          {
            "code": "110100"
          },
          {
            "code": "110101"
          },
          {
            "code": "110102"
          },
          {
            "code": "110103"
          },
          {
            "code": "110104"
          },
          {
            "code": "110105"
          },
          {
            "code": "110106"
          },
          {
            "code": "110107"
          },
          {
            "code": "110108"
          },
          {
            "code": "110109"
          },
          {
            "code": "110110"
          },
          {
            "code": "110111"
          },
          {
            "code": "110112"
          },
          {
            "code": "110113"
          },
          {
            "code": "110114"
          }
        ]
      },
      {
        "system": "http://terminology.hl7.org/CodeSystem/audit-event-type"
      },
      {
        "system": "http://terminology.hl7.org/CodeSystem/iso-21089-lifecycle"
      }
    ]
  }
}